City_ID,City,Lat,Lng,Max Temp,Humidity,Cloudiness,Wind Speed,Country,Current Description
0,Katsuura,35.13,140.3,91.99,66,75,20.8,JP,broken clouds
1,Ushuaia,-54.8,-68.3,35.6,89,40,10.29,AR,scattered clouds
2,Rikitea,-23.12,-134.97,72.95,85,0,9.13,PF,clear sky
3,Leningradskiy,69.38,178.42,45.36,62,0,11.48,RU,clear sky
4,Asau,46.43,26.4,55.0,96,0,2.24,RO,clear sky
5,Hermanus,-34.42,19.23,52.23,84,4,7.61,ZA,clear sky
6,Zadar,44.12,15.24,59.0,93,0,2.24,HR,clear sky
7,Busselton,-33.65,115.33,60.01,62,13,8.99,AU,light rain
8,Castro,-24.79,-50.01,57.52,85,0,4.09,BR,clear sky
9,Villazon,-22.09,-65.59,38.32,93,25,3.89,BO,scattered clouds
10,Toyota,35.08,137.15,86.0,79,75,27.51,JP,broken clouds
11,Albany,42.6,-73.97,60.01,71,7,3.11,US,clear sky
12,Qaanaaq,77.48,-69.36,20.59,81,0,5.37,GL,clear sky
13,Uniara,26.15,75.22,87.31,62,56,10.4,IN,broken clouds
14,Ushuaia,-54.8,-68.3,35.6,89,40,10.29,AR,scattered clouds
15,Rikitea,-23.12,-134.97,72.95,85,0,9.13,PF,clear sky
16,Bluff,-46.6,168.33,52.68,76,17,12.44,NZ,few clouds
17,Avarua,-21.21,-159.78,68.0,82,39,8.05,CK,light rain
18,Salalah,17.02,54.09,78.8,94,40,6.93,OM,scattered clouds
19,Kaputa,-8.47,29.66,65.44,46,54,6.46,ZM,broken clouds
20,Georgetown,5.41,100.34,87.8,70,20,4.7,MY,few clouds
21,Lompoc,34.64,-120.46,73.99,64,1,3.36,US,clear sky
22,Talnakh,69.49,88.4,51.8,87,75,4.47,RU,broken clouds
23,Nikolskoye,59.7,30.79,54.0,81,50,2.24,RU,scattered clouds
24,Thompson,55.74,-97.86,41.0,60,75,8.05,CA,broken clouds
25,Sehwan,26.43,67.86,82.4,69,0,6.93,PK,clear sky
26,Rundu,-17.93,19.77,55.45,40,0,7.18,NA,clear sky
27,Mataura,-46.19,168.86,56.73,54,26,3.38,NZ,scattered clouds
28,Yellowknife,62.46,-114.35,44.01,80,40,5.82,CA,scattered clouds
29,Ust-Kuyga,70.02,135.6,44.64,82,100,6.51,RU,overcast clouds
30,Kalispell,48.2,-114.31,75.2,25,1,3.36,US,clear sky
31,Upernavik,72.79,-56.15,34.32,87,99,8.46,GL,overcast clouds
32,Butaritari,3.07,172.79,83.32,75,99,14.99,KI,overcast clouds
33,Bluff,-46.6,168.33,52.68,76,17,12.44,NZ,few clouds
34,Souillac,-20.52,57.52,70.0,93,100,5.99,MU,moderate rain
35,Georgetown,5.41,100.34,87.8,70,20,4.7,MY,few clouds
36,Atuona,-9.8,-139.03,78.66,77,19,18.61,PF,light rain
37,Kruisfontein,-34.0,24.73,49.78,94,0,2.59,ZA,clear sky
38,Rikitea,-23.12,-134.97,72.95,85,0,9.13,PF,clear sky
39,Rikitea,-23.12,-134.97,72.95,85,0,9.13,PF,clear sky
40,Upernavik,72.79,-56.15,34.32,87,99,8.46,GL,overcast clouds
41,Castro,-24.79,-50.01,57.52,85,0,4.09,BR,clear sky
42,Vaini,-21.2,-175.2,75.2,64,75,12.75,TO,broken clouds
43,Oranjemund,-28.55,16.43,54.77,83,0,6.58,NA,clear sky
44,Hobart,-42.88,147.33,72.0,42,100,16.11,AU,overcast clouds
45,Sakaraha,-22.9,44.53,59.67,63,0,1.95,MG,clear sky
46,Pevek,69.7,170.31,45.68,69,27,14.58,RU,scattered clouds
47,Severo-Kurilsk,50.68,156.12,58.26,85,89,6.69,RU,overcast clouds
48,Busselton,-33.65,115.33,60.01,62,13,8.99,AU,light rain
49,Ushuaia,-54.8,-68.3,35.6,89,40,10.29,AR,scattered clouds
50,Syracuse,37.09,15.28,77.0,88,75,4.7,IT,broken clouds
51,Kamenka,51.32,42.77,52.0,59,64,7.05,RU,broken clouds
52,Barrow,71.29,-156.79,37.4,93,75,5.82,US,fog
53,Syktyvkar,61.68,50.81,51.8,87,90,4.47,RU,overcast clouds
54,Khatanga,71.97,102.5,52.9,55,0,4.72,RU,clear sky
55,Busselton,-33.65,115.33,60.01,62,13,8.99,AU,light rain
56,Butaritari,3.07,172.79,83.32,75,99,14.99,KI,overcast clouds
57,Ushuaia,-54.8,-68.3,35.6,89,40,10.29,AR,scattered clouds
58,Rikitea,-23.12,-134.97,72.95,85,0,9.13,PF,clear sky
59,Ushuaia,-54.8,-68.3,35.6,89,40,10.29,AR,scattered clouds
60,Atuona,-9.8,-139.03,78.66,77,19,18.61,PF,light rain
61,Hermanus,-34.42,19.23,52.23,84,4,7.61,ZA,clear sky
62,Victoria,22.29,114.16,88.0,74,67,8.01,HK,broken clouds
63,Tiksi,71.69,128.87,46.24,78,90,4.74,RU,overcast clouds
64,Albany,42.6,-73.97,60.01,71,7,3.11,US,clear sky
65,Kearney,40.7,-99.08,68.0,64,1,5.82,US,clear sky
66,Bredasdorp,-34.53,20.04,44.6,93,0,2.24,ZA,clear sky
67,Klaksvik,62.23,-6.59,51.8,100,100,9.17,FO,heavy intensity drizzle
68,Sarh,9.14,18.39,73.4,88,40,3.47,TD,thunderstorm with light rain
69,Albany,42.6,-73.97,60.01,71,7,3.11,US,clear sky
70,Bredasdorp,-34.53,20.04,44.6,93,0,2.24,ZA,clear sky
71,Nikolskoye,59.7,30.79,54.0,81,50,2.24,RU,scattered clouds
72,Saldanha,-33.01,17.94,50.0,81,0,2.24,ZA,clear sky
73,Rawson,-43.3,-65.1,51.19,49,0,8.39,AR,clear sky
74,Ushuaia,-54.8,-68.3,35.6,89,40,10.29,AR,scattered clouds
75,Kapaa,22.08,-159.32,82.4,74,40,13.87,US,scattered clouds
76,Ushuaia,-54.8,-68.3,35.6,89,40,10.29,AR,scattered clouds
77,Kapaa,22.08,-159.32,82.4,74,40,13.87,US,scattered clouds
78,Torbay,47.67,-52.73,57.0,76,75,12.75,CA,broken clouds
79,Nicoya,10.15,-85.45,75.11,91,100,1.23,CR,overcast clouds
80,Cairns,-16.92,145.77,82.4,58,87,21.92,AU,overcast clouds
81,Cabedelo,-6.98,-34.83,69.8,94,33,6.93,BR,light rain
82,Tucuma,-0.18,-50.05,77.47,90,20,8.39,BR,few clouds
83,Castro,-24.79,-50.01,57.52,85,0,4.09,BR,clear sky
84,Kaitangata,-46.28,169.85,57.99,47,61,10.0,NZ,broken clouds
85,Lagos,6.58,3.75,73.47,91,74,5.06,NG,broken clouds
86,Dikson,73.51,80.55,42.67,77,92,23.15,RU,overcast clouds
87,Bethel,41.37,-73.41,66.2,82,1,4.61,US,clear sky
88,Mataura,-46.19,168.86,56.73,54,26,3.38,NZ,scattered clouds
89,Hovd,48.01,91.64,66.69,33,100,2.95,MN,overcast clouds
90,Vestmanna,62.16,-7.17,51.8,100,100,9.17,FO,heavy intensity drizzle
91,Ushuaia,-54.8,-68.3,35.6,89,40,10.29,AR,scattered clouds
92,Pisco,-13.7,-76.22,60.8,82,94,3.36,PE,overcast clouds
93,Hermanus,-34.42,19.23,52.23,84,4,7.61,ZA,clear sky
94,Tilichiki,60.47,166.1,48.76,69,100,5.61,RU,overcast clouds
95,Matagami,49.75,-77.63,53.6,71,90,13.76,CA,overcast clouds
96,Busselton,-33.65,115.33,60.01,62,13,8.99,AU,light rain
97,Leshukonskoye,64.9,45.76,58.32,94,100,8.39,RU,light rain
98,Yellowknife,62.46,-114.35,44.01,80,40,5.82,CA,scattered clouds
99,Barrow,71.29,-156.79,37.4,93,75,5.82,US,fog
100,Ekibastuz,51.67,75.37,53.37,51,53,18.43,KZ,broken clouds
101,Victoria,22.29,114.16,88.0,74,67,8.01,HK,broken clouds
102,Hamilton,39.18,-84.53,73.0,73,90,8.05,US,overcast clouds
103,Vestmannaeyjar,63.44,-20.27,50.67,83,99,25.84,IS,light rain
104,Rikitea,-23.12,-134.97,72.95,85,0,9.13,PF,clear sky
105,Hobart,-42.88,147.33,72.0,42,100,16.11,AU,overcast clouds
106,Winneba,5.35,-0.62,75.2,94,20,11.41,GH,few clouds
107,Busselton,-33.65,115.33,60.01,62,13,8.99,AU,light rain
108,Vao,-22.67,167.48,70.7,79,100,20.18,NC,overcast clouds
109,Cururupu,-1.83,-44.87,73.49,89,9,3.31,BR,clear sky
110,Yellowknife,62.46,-114.35,44.01,80,40,5.82,CA,scattered clouds
111,Shiraoi,42.55,141.35,81.0,83,75,14.99,JP,broken clouds
112,Rikitea,-23.12,-134.97,72.95,85,0,9.13,PF,clear sky
113,Srandakan,-7.94,110.25,83.93,64,86,13.73,ID,overcast clouds
114,Raudeberg,61.99,5.14,50.0,93,100,21.9,NO,light rain
115,Ahipara,-35.17,173.17,59.05,77,23,14.72,NZ,few clouds
116,Indramayu,-6.33,108.32,87.58,51,55,10.09,ID,broken clouds
117,Upernavik,72.79,-56.15,34.32,87,99,8.46,GL,overcast clouds
118,Soyo,-6.13,12.37,72.97,87,74,6.42,AO,broken clouds
119,Vaini,-21.2,-175.2,75.2,64,75,12.75,TO,broken clouds
120,Tasiilaq,65.61,-37.64,35.6,100,81,1.12,GL,mist
121,Auki,-8.77,160.7,84.0,73,24,4.0,SB,moderate rain
122,Atuona,-9.8,-139.03,78.66,77,19,18.61,PF,light rain
123,Pevek,69.7,170.31,45.68,69,27,14.58,RU,scattered clouds
124,Busselton,-33.65,115.33,60.01,62,13,8.99,AU,light rain
125,Provideniya,64.38,-173.3,44.6,65,75,26.84,RU,broken clouds
126,Klaksvik,62.23,-6.59,51.8,100,100,9.17,FO,heavy intensity drizzle
127,Victoria,22.29,114.16,88.0,74,67,8.01,HK,broken clouds
128,Iqaluit,63.75,-68.51,39.2,80,40,6.93,CA,scattered clouds
129,Neutraubling,48.98,12.2,57.0,76,20,2.86,DE,few clouds
130,Bluff,-46.6,168.33,52.68,76,17,12.44,NZ,few clouds
131,Longyearbyen,78.22,15.64,39.2,86,75,8.05,SJ,broken clouds
132,Bredasdorp,-34.53,20.04,44.6,93,0,2.24,ZA,clear sky
133,Rikitea,-23.12,-134.97,72.95,85,0,9.13,PF,clear sky
134,Ostrovnoy,68.05,39.51,51.62,81,52,16.13,RU,broken clouds
135,Atuona,-9.8,-139.03,78.66,77,19,18.61,PF,light rain
136,Butaritari,3.07,172.79,83.32,75,99,14.99,KI,overcast clouds
137,Hilo,19.73,-155.09,82.4,61,90,8.05,US,overcast clouds
138,Tyup,42.73,78.36,55.02,55,53,6.71,KG,broken clouds
139,Sironj,24.1,77.7,83.86,71,0,7.85,IN,clear sky
140,Busselton,-33.65,115.33,60.01,62,13,8.99,AU,light rain
141,Chokurdakh,70.63,147.92,53.82,42,2,9.31,RU,clear sky
142,Kapaa,22.08,-159.32,82.4,74,40,13.87,US,scattered clouds
143,Torbay,47.67,-52.73,57.0,76,75,12.75,CA,broken clouds
144,Slobodskoy,58.73,50.18,53.65,86,7,4.72,RU,clear sky
145,Batagay-Alyta,67.8,130.41,43.12,82,100,7.16,RU,overcast clouds
146,Atuona,-9.8,-139.03,78.66,77,19,18.61,PF,light rain
147,Cervo,43.67,-7.41,60.01,1,98,17.56,ES,overcast clouds
148,Warrnambool,-38.38,142.48,71.01,47,80,15.99,AU,broken clouds
149,Busselton,-33.65,115.33,60.01,62,13,8.99,AU,light rain
150,Jamestown,42.1,-79.24,64.99,72,40,9.17,US,scattered clouds
151,Busselton,-33.65,115.33,60.01,62,13,8.99,AU,light rain
152,Westport,41.14,-73.36,71.6,78,1,4.7,US,clear sky
153,Gisborne,-38.65,178.0,57.0,55,42,11.01,NZ,scattered clouds
154,Ushuaia,-54.8,-68.3,35.6,89,40,10.29,AR,scattered clouds
155,Tuatapere,-46.13,167.68,55.2,62,8,6.35,NZ,clear sky
156,Tasiilaq,65.61,-37.64,35.6,100,81,1.12,GL,mist
157,Ushuaia,-54.8,-68.3,35.6,89,40,10.29,AR,scattered clouds
158,Longhua,23.61,114.19,85.68,77,99,2.46,CN,moderate rain
159,Jamestown,42.1,-79.24,64.99,72,40,9.17,US,scattered clouds
160,Dire,12.28,-10.97,71.83,97,100,3.47,ML,light rain
161,Qaanaaq,77.48,-69.36,20.59,81,0,5.37,GL,clear sky
162,Januaria,-15.48,-44.37,67.57,66,0,4.9,BR,clear sky
163,Khatanga,71.97,102.5,52.9,55,0,4.72,RU,clear sky
164,Katsuura,35.13,140.3,91.99,66,75,20.8,JP,broken clouds
165,Portneuf,46.69,-71.89,53.01,93,1,4.16,CA,clear sky
166,Georgetown,5.41,100.34,87.8,70,20,4.7,MY,few clouds
167,Torbay,47.67,-52.73,57.0,76,75,12.75,CA,broken clouds
168,Tasiilaq,65.61,-37.64,35.6,100,81,1.12,GL,mist
169,Praia,14.92,-23.51,78.8,83,40,11.41,CV,scattered clouds
170,Ketchikan,55.34,-131.65,60.8,100,1,11.41,US,clear sky
171,Rikitea,-23.12,-134.97,72.95,85,0,9.13,PF,clear sky
172,Namibe,-15.2,12.15,67.62,88,72,0.96,AO,broken clouds
173,Cururupu,-1.83,-44.87,73.49,89,9,3.31,BR,clear sky
174,Hofn,64.25,-15.21,51.66,82,3,10.16,IS,clear sky
175,Avarua,-21.21,-159.78,68.0,82,39,8.05,CK,light rain
176,Svetlaya,46.54,138.33,72.28,66,86,4.43,RU,overcast clouds
177,Nanortalik,60.14,-45.24,44.44,94,100,4.59,GL,overcast clouds
178,Saint-Georges,12.06,-61.75,80.6,83,40,6.93,GD,scattered clouds
179,Albany,42.6,-73.97,60.01,71,7,3.11,US,clear sky
180,Mataura,-46.19,168.86,56.73,54,26,3.38,NZ,scattered clouds
181,Lavrentiya,65.58,-171.0,43.38,70,99,28.12,RU,overcast clouds
182,Kavieng,-2.57,150.8,85.41,70,2,12.12,PG,clear sky
183,Selcuk,37.95,27.37,75.2,60,0,10.29,TR,clear sky
184,Mataura,-46.19,168.86,56.73,54,26,3.38,NZ,scattered clouds
185,Khatanga,71.97,102.5,52.9,55,0,4.72,RU,clear sky
186,Hobart,-42.88,147.33,72.0,42,100,16.11,AU,overcast clouds
187,Kapaa,22.08,-159.32,82.4,74,40,13.87,US,scattered clouds
188,Ushuaia,-54.8,-68.3,35.6,89,40,10.29,AR,scattered clouds
189,Labytnangi,66.66,66.42,50.61,75,100,6.15,RU,overcast clouds
190,Upernavik,72.79,-56.15,34.32,87,99,8.46,GL,overcast clouds
191,Saldanha,-33.01,17.94,50.0,81,0,2.24,ZA,clear sky
192,Sungaipenuh,-2.08,101.38,80.85,54,26,2.39,ID,scattered clouds
193,Esperance,-33.87,121.9,60.8,63,75,25.28,AU,broken clouds
194,Bluff,-46.6,168.33,52.68,76,17,12.44,NZ,few clouds
195,Busselton,-33.65,115.33,60.01,62,13,8.99,AU,light rain
196,Tuktoyaktuk,69.45,-133.04,44.6,70,5,10.29,CA,clear sky
197,Khani,41.96,42.96,68.0,100,90,4.7,GE,light rain
198,Hilo,19.73,-155.09,82.4,61,90,8.05,US,overcast clouds
199,Ulety,51.36,112.48,61.5,72,84,2.21,RU,broken clouds
200,Longyearbyen,78.22,15.64,39.2,86,75,8.05,SJ,broken clouds
201,Severo-Kurilsk,50.68,156.12,58.26,85,89,6.69,RU,overcast clouds
202,Tuktoyaktuk,69.45,-133.04,44.6,70,5,10.29,CA,clear sky
203,Vaitape,-16.52,-151.75,78.4,77,2,10.16,PF,light rain
204,Laguna,38.42,-121.42,95.0,31,1,3.36,US,haze
205,Georgetown,5.41,100.34,87.8,70,20,4.7,MY,few clouds
206,Cananea,30.95,-110.3,77.0,34,0,1.19,MX,clear sky
207,Mataura,-46.19,168.86,56.73,54,26,3.38,NZ,scattered clouds
208,Iquitos,-3.75,-73.25,75.29,90,31,1.14,PE,scattered clouds
209,Torbay,47.67,-52.73,57.0,76,75,12.75,CA,broken clouds
210,Ushuaia,-54.8,-68.3,35.6,89,40,10.29,AR,scattered clouds
211,Upernavik,72.79,-56.15,34.32,87,99,8.46,GL,overcast clouds
212,Dayong,25.02,118.29,86.0,74,20,6.71,CN,few clouds
213,Amazar,53.86,120.88,71.22,41,0,4.63,RU,clear sky
214,Mataura,-46.19,168.86,56.73,54,26,3.38,NZ,scattered clouds
215,Griffith,41.53,-87.42,75.99,83,90,21.92,US,overcast clouds
216,Sur,22.57,59.53,88.27,50,8,2.3,OM,clear sky
217,Cidreira,-30.18,-50.21,57.31,88,100,15.93,BR,light rain
218,Kapaa,22.08,-159.32,82.4,74,40,13.87,US,scattered clouds
219,Iqaluit,63.75,-68.51,39.2,80,40,6.93,CA,scattered clouds
220,Bredasdorp,-34.53,20.04,44.6,93,0,2.24,ZA,clear sky
221,Kavieng,-2.57,150.8,85.41,70,2,12.12,PG,clear sky
222,Hobart,-42.88,147.33,72.0,42,100,16.11,AU,overcast clouds
223,Sisimiut,66.94,-53.67,37.96,77,17,6.89,GL,few clouds
224,Male,4.17,73.51,84.2,83,75,12.75,MV,broken clouds
225,Saint-Augustin,51.23,-58.65,51.33,80,0,8.32,CA,clear sky
226,Hobart,-42.88,147.33,72.0,42,100,16.11,AU,overcast clouds
227,Rikitea,-23.12,-134.97,72.95,85,0,9.13,PF,clear sky
228,Butaritari,3.07,172.79,83.32,75,99,14.99,KI,overcast clouds
229,Ushuaia,-54.8,-68.3,35.6,89,40,10.29,AR,scattered clouds
230,Taltal,-25.4,-70.48,55.47,70,44,3.09,CL,scattered clouds
231,Hasaki,35.73,140.83,93.0,63,75,17.22,JP,broken clouds
232,Waddan,29.16,16.14,70.65,65,0,8.14,LY,clear sky
233,Namuac,18.61,121.17,84.79,73,28,3.85,PH,light rain
234,Hobart,-42.88,147.33,72.0,42,100,16.11,AU,overcast clouds
235,Isangel,-19.55,169.27,75.24,75,100,15.57,VU,overcast clouds
236,Ushuaia,-54.8,-68.3,35.6,89,40,10.29,AR,scattered clouds
237,Vaini,-21.2,-175.2,75.2,64,75,12.75,TO,broken clouds
238,Biak,-0.91,122.88,81.43,77,99,8.9,ID,moderate rain
239,Provideniya,64.38,-173.3,44.6,65,75,26.84,RU,broken clouds
240,Yakeshi,49.28,120.73,66.38,60,0,5.26,CN,clear sky
241,Poum,-20.23,164.02,73.45,77,100,11.48,NC,overcast clouds
242,Mataura,-46.19,168.86,56.73,54,26,3.38,NZ,scattered clouds
243,Avarua,-21.21,-159.78,68.0,82,39,8.05,CK,light rain
244,Hermanus,-34.42,19.23,52.23,84,4,7.61,ZA,clear sky
245,Butaritari,3.07,172.79,83.32,75,99,14.99,KI,overcast clouds
246,Bluff,-46.6,168.33,52.68,76,17,12.44,NZ,few clouds
247,Machiques,10.06,-72.55,76.62,83,94,4.05,VE,light rain
248,Saskylakh,71.92,114.08,52.05,55,33,9.78,RU,scattered clouds
249,Chuy,-33.7,-53.46,49.06,87,0,7.29,UY,clear sky
250,Hun,29.13,15.95,70.52,64,0,7.11,LY,clear sky
251,Avera,33.19,-82.53,69.8,60,1,4.7,US,clear sky
252,Lompoc,34.64,-120.46,73.99,64,1,3.36,US,clear sky
253,Rocha,-34.48,-54.33,43.14,91,0,2.86,UY,clear sky
254,Hobart,-42.88,147.33,72.0,42,100,16.11,AU,overcast clouds
255,Leh,34.17,77.58,56.95,38,1,6.73,IN,clear sky
256,Albany,42.6,-73.97,60.01,71,7,3.11,US,clear sky
257,Sibolga,1.74,98.78,87.91,53,76,4.0,ID,broken clouds
258,Rikitea,-23.12,-134.97,72.95,85,0,9.13,PF,clear sky
259,Hasaki,35.73,140.83,93.0,63,75,17.22,JP,broken clouds
260,Rikitea,-23.12,-134.97,72.95,85,0,9.13,PF,clear sky
261,Albany,42.6,-73.97,60.01,71,7,3.11,US,clear sky
262,Saint-Philippe,-21.36,55.77,69.8,68,67,8.05,RE,broken clouds
263,Saskylakh,71.92,114.08,52.05,55,33,9.78,RU,scattered clouds
264,Bluff,-46.6,168.33,52.68,76,17,12.44,NZ,few clouds
265,Grindavik,63.84,-22.43,46.4,100,90,24.16,IS,light intensity drizzle rain
266,Mataura,-46.19,168.86,56.73,54,26,3.38,NZ,scattered clouds
267,Hilo,19.73,-155.09,82.4,61,90,8.05,US,overcast clouds
268,Siuna,13.73,-84.78,73.81,94,100,2.8,NI,overcast clouds
269,Miraflores,19.22,-98.81,66.2,55,75,10.29,MX,broken clouds
270,Paamiut,61.99,-49.67,41.49,90,51,19.86,GL,broken clouds
271,Rikitea,-23.12,-134.97,72.95,85,0,9.13,PF,clear sky
272,Faanui,-16.48,-151.75,77.61,79,0,10.04,PF,light rain
273,Barrow,71.29,-156.79,37.4,93,75,5.82,US,fog
274,Ankang,32.68,109.02,85.57,52,0,1.41,CN,clear sky
275,Bethel,41.37,-73.41,66.2,82,1,4.61,US,clear sky
276,Khatanga,71.97,102.5,52.9,55,0,4.72,RU,clear sky
277,Albany,42.6,-73.97,60.01,71,7,3.11,US,clear sky
278,Mecca,21.43,39.83,89.37,28,0,2.48,SA,clear sky
279,Upernavik,72.79,-56.15,34.32,87,99,8.46,GL,overcast clouds
280,Busselton,-33.65,115.33,60.01,62,13,8.99,AU,light rain
281,Hasaki,35.73,140.83,93.0,63,75,17.22,JP,broken clouds
282,Rikitea,-23.12,-134.97,72.95,85,0,9.13,PF,clear sky
283,Rikitea,-23.12,-134.97,72.95,85,0,9.13,PF,clear sky
284,Urengoy,65.97,78.37,51.3,69,71,7.07,RU,broken clouds
285,Busselton,-33.65,115.33,60.01,62,13,8.99,AU,light rain
286,Cobija,-11.03,-68.77,80.33,55,100,1.54,BO,overcast clouds
287,Rikitea,-23.12,-134.97,72.95,85,0,9.13,PF,clear sky
288,Mahebourg,-20.41,57.7,70.0,93,100,5.99,MU,moderate rain
289,Busselton,-33.65,115.33,60.01,62,13,8.99,AU,light rain
290,Aklavik,68.22,-135.01,50.0,61,20,5.82,CA,few clouds
291,Ancud,-41.87,-73.82,41.0,93,8,5.01,CL,clear sky
292,Amga,60.9,131.96,49.37,73,92,7.27,RU,overcast clouds
293,Esperance,-33.87,121.9,60.8,63,75,25.28,AU,broken clouds
294,Luwuk,-0.95,122.79,82.45,76,99,7.7,ID,moderate rain
295,Juneau,58.3,-134.42,57.2,67,75,3.36,US,broken clouds
296,Nikolskoye,59.7,30.79,54.0,81,50,2.24,RU,scattered clouds
297,Barrow,71.29,-156.79,37.4,93,75,5.82,US,fog
298,Panaba,21.28,-88.27,75.74,93,83,5.21,MX,broken clouds
299,Margate,51.38,1.39,61.0,79,40,5.97,GB,scattered clouds
300,Nikolskoye,59.7,30.79,54.0,81,50,2.24,RU,scattered clouds
301,Nikolskoye,59.7,30.79,54.0,81,50,2.24,RU,scattered clouds
302,Hambantota,6.12,81.12,82.4,83,40,10.29,LK,scattered clouds
303,Hasaki,35.73,140.83,93.0,63,75,17.22,JP,broken clouds
304,Carnarvon,-24.87,113.63,66.2,100,90,18.34,AU,overcast clouds
305,Diourbel,14.66,-16.39,77.0,94,75,4.7,SN,broken clouds
306,Hobart,-42.88,147.33,72.0,42,100,16.11,AU,overcast clouds
307,Kahului,20.89,-156.47,84.2,54,40,19.46,US,scattered clouds
308,Burhaniye,39.5,26.97,71.6,64,0,14.99,TR,clear sky
309,Nome,64.5,-165.41,53.6,54,90,23.04,US,overcast clouds
310,Mataura,-46.19,168.86,56.73,54,26,3.38,NZ,scattered clouds
311,Avarua,-21.21,-159.78,68.0,82,39,8.05,CK,light rain
312,Mahebourg,-20.41,57.7,70.0,93,100,5.99,MU,moderate rain
313,Maraba,-5.37,-49.12,77.45,40,17,1.61,BR,few clouds
314,Atuona,-9.8,-139.03,78.66,77,19,18.61,PF,light rain
315,Kodiak,57.79,-152.41,59.0,87,90,4.7,US,overcast clouds
316,Cabedelo,-6.98,-34.83,69.8,94,33,6.93,BR,light rain
317,Sept-Iles,50.2,-66.38,45.0,93,5,2.24,CA,clear sky
318,Dauriya,49.93,116.87,70.52,44,14,7.36,RU,few clouds
319,Comillas,15.4,120.7,89.6,70,75,11.41,PH,broken clouds
320,Birao,10.28,22.79,70.52,97,100,7.43,CF,light rain
321,Manjeri,11.12,76.12,75.2,94,90,9.17,IN,light rain
322,Kodiak,57.79,-152.41,59.0,87,90,4.7,US,overcast clouds
323,Lavrentiya,65.58,-171.0,43.38,70,99,28.12,RU,overcast clouds
324,Yulara,-25.24,130.99,95.0,8,0,18.34,AU,clear sky
325,Atuona,-9.8,-139.03,78.66,77,19,18.61,PF,light rain
326,Bluff,-46.6,168.33,52.68,76,17,12.44,NZ,few clouds
327,Hambantota,6.12,81.12,82.4,83,40,10.29,LK,scattered clouds
328,Zambezi,-13.54,23.1,54.43,42,0,6.29,ZM,clear sky
329,Lac-Megantic,45.58,-70.88,46.99,100,35,3.89,CA,scattered clouds
330,Ous,60.91,61.52,54.97,72,42,2.48,RU,scattered clouds
331,Hobart,-42.88,147.33,72.0,42,100,16.11,AU,overcast clouds
332,Portland,45.52,-122.68,79.0,48,0,1.01,US,clear sky
333,Tarauaca,-8.16,-70.77,73.78,88,89,1.16,BR,overcast clouds
334,Busselton,-33.65,115.33,60.01,62,13,8.99,AU,light rain
335,Cherskiy,68.75,161.3,52.25,47,98,9.15,RU,overcast clouds
336,Jamestown,42.1,-79.24,64.99,72,40,9.17,US,scattered clouds
337,Carnarvon,-24.87,113.63,66.2,100,90,18.34,AU,overcast clouds
338,Hobart,-42.88,147.33,72.0,42,100,16.11,AU,overcast clouds
339,Mataura,-46.19,168.86,56.73,54,26,3.38,NZ,scattered clouds
340,Atuona,-9.8,-139.03,78.66,77,19,18.61,PF,light rain
341,Lebu,-37.62,-73.65,48.16,88,3,7.85,CL,clear sky
342,Ahtopol,42.1,27.95,64.99,87,0,4.7,BG,clear sky
343,Jamestown,42.1,-79.24,64.99,72,40,9.17,US,scattered clouds
344,Ancud,-41.87,-73.82,41.0,93,8,5.01,CL,clear sky
345,Poum,-20.23,164.02,73.45,77,100,11.48,NC,overcast clouds
346,Sharjah,25.36,55.4,89.6,79,0,3.36,AE,clear sky
347,Klaksvik,62.23,-6.59,51.8,100,100,9.17,FO,heavy intensity drizzle
348,Kruisfontein,-34.0,24.73,49.78,94,0,2.59,ZA,clear sky
349,Atar,20.52,-13.05,86.04,46,99,10.65,MR,overcast clouds
350,Kapaa,22.08,-159.32,82.4,74,40,13.87,US,scattered clouds
351,Jamestown,42.1,-79.24,64.99,72,40,9.17,US,scattered clouds
352,Nanortalik,60.14,-45.24,44.44,94,100,4.59,GL,overcast clouds
353,Balkhash,46.84,74.98,55.4,35,49,13.42,KZ,scattered clouds
354,Vaini,-21.2,-175.2,75.2,64,75,12.75,TO,broken clouds
355,Albany,42.6,-73.97,60.01,71,7,3.11,US,clear sky
356,Jamestown,42.1,-79.24,64.99,72,40,9.17,US,scattered clouds
357,Waipawa,-41.41,175.52,55.99,71,70,19.46,NZ,light rain
358,Kapaa,22.08,-159.32,82.4,74,40,13.87,US,scattered clouds
359,Alugan,12.22,125.48,86.14,71,100,9.6,PH,light rain
360,Padang,-0.95,100.35,85.69,63,3,4.61,ID,clear sky
361,Hilo,19.73,-155.09,82.4,61,90,8.05,US,overcast clouds
362,Albany,42.6,-73.97,60.01,71,7,3.11,US,clear sky
363,Ushuaia,-54.8,-68.3,35.6,89,40,10.29,AR,scattered clouds
364,Kyshtovka,56.55,76.63,44.96,93,100,7.18,RU,light rain
365,Rikitea,-23.12,-134.97,72.95,85,0,9.13,PF,clear sky
366,Camacha,33.08,-16.33,69.8,83,20,3.36,PT,few clouds
367,Katsuura,35.13,140.3,91.99,66,75,20.8,JP,broken clouds
368,Butaritari,3.07,172.79,83.32,75,99,14.99,KI,overcast clouds
369,Kudahuvadhoo,2.67,72.89,82.85,74,100,9.71,MV,overcast clouds
370,Buraydah,26.33,43.98,73.4,35,0,2.24,SA,clear sky
371,Tasiilaq,65.61,-37.64,35.6,100,81,1.12,GL,mist
372,Kutum,14.2,24.67,70.45,72,88,7.31,SD,overcast clouds
373,Georgetown,5.41,100.34,87.8,70,20,4.7,MY,few clouds
374,Machilipatnam,16.17,81.13,91.4,66,40,4.7,IN,scattered clouds
375,Cayenne,4.93,-52.33,78.8,94,75,2.24,GF,broken clouds
376,Borovskoy,53.8,64.15,55.13,76,0,12.1,KZ,clear sky
377,Vaini,-21.2,-175.2,75.2,64,75,12.75,TO,broken clouds
378,Qarqin,37.42,66.04,69.8,22,0,6.76,AF,clear sky
379,Luderitz,-26.65,15.16,56.5,74,0,15.82,NA,clear sky
380,Tasiilaq,65.61,-37.64,35.6,100,81,1.12,GL,mist
381,Sitka,57.05,-135.33,57.2,82,90,4.7,US,overcast clouds
382,Kazachinskoye,57.7,93.28,55.04,63,90,7.16,RU,overcast clouds
383,Barrow,71.29,-156.79,37.4,93,75,5.82,US,fog
384,Ushuaia,-54.8,-68.3,35.6,89,40,10.29,AR,scattered clouds
385,Vestmannaeyjar,63.44,-20.27,50.67,83,99,25.84,IS,light rain
386,Katsuura,35.13,140.3,91.99,66,75,20.8,JP,broken clouds
387,Geraldton,-28.77,114.6,66.2,52,75,11.41,AU,broken clouds
388,Kapaa,22.08,-159.32,82.4,74,40,13.87,US,scattered clouds
389,Ankazobe,-18.32,47.12,53.6,76,20,5.82,MG,few clouds
390,Busselton,-33.65,115.33,60.01,62,13,8.99,AU,light rain
391,Rikitea,-23.12,-134.97,72.95,85,0,9.13,PF,clear sky
392,Sistranda,63.73,8.83,48.2,93,75,5.82,NO,broken clouds
393,Bredasdorp,-34.53,20.04,44.6,93,0,2.24,ZA,clear sky
394,Beboto,8.27,16.94,64.51,97,100,1.48,TD,overcast clouds
395,Eureka,40.8,-124.16,61.0,82,1,3.51,US,haze
396,Bulungu,-4.55,18.6,72.68,86,32,2.24,CD,scattered clouds
397,Isangel,-19.55,169.27,75.24,75,100,15.57,VU,overcast clouds
398,Ushuaia,-54.8,-68.3,35.6,89,40,10.29,AR,scattered clouds
399,Sangar,63.92,127.47,55.15,61,24,8.23,RU,few clouds
400,Georgetown,5.41,100.34,87.8,70,20,4.7,MY,few clouds
401,Ushuaia,-54.8,-68.3,35.6,89,40,10.29,AR,scattered clouds
402,Pisco,-13.7,-76.22,60.8,82,94,3.36,PE,overcast clouds
403,Hermanus,-34.42,19.23,52.23,84,4,7.61,ZA,clear sky
404,Tasiilaq,65.61,-37.64,35.6,100,81,1.12,GL,mist
405,Marienburg,54.04,19.03,48.99,100,24,7.99,PL,few clouds
406,Constitucion,-35.33,-72.42,49.8,86,0,7.56,CL,clear sky
407,Zhanaozen,43.3,52.8,67.75,26,14,24.38,KZ,few clouds
408,Airai,-8.93,125.41,74.61,52,47,7.05,TL,scattered clouds
409,Yellowknife,62.46,-114.35,44.01,80,40,5.82,CA,scattered clouds
410,Carnarvon,-24.87,113.63,66.2,100,90,18.34,AU,overcast clouds
411,Acapulco,16.86,-99.89,80.51,79,95,3.47,MX,overcast clouds
412,Chokurdakh,70.63,147.92,53.82,42,2,9.31,RU,clear sky
413,Pangkalanbuun,-2.68,111.62,84.88,66,100,4.43,ID,overcast clouds
414,Pevek,69.7,170.31,45.68,69,27,14.58,RU,scattered clouds
415,Dikson,73.51,80.55,42.67,77,92,23.15,RU,overcast clouds
416,Khatanga,71.97,102.5,52.9,55,0,4.72,RU,clear sky
417,Hirara,24.8,125.28,86.0,62,75,4.7,JP,broken clouds
418,Dikson,73.51,80.55,42.67,77,92,23.15,RU,overcast clouds
419,Hofn,64.25,-15.21,51.66,82,3,10.16,IS,clear sky
420,Koungou,-12.73,45.2,75.2,78,40,16.11,YT,scattered clouds
421,Ushuaia,-54.8,-68.3,35.6,89,40,10.29,AR,scattered clouds
422,Lulea,65.58,22.15,50.0,93,61,6.93,SE,broken clouds
423,Yellowknife,62.46,-114.35,44.01,80,40,5.82,CA,scattered clouds
424,Coquimbo,-29.95,-71.34,53.6,81,6,5.82,CL,clear sky
425,Tasiilaq,65.61,-37.64,35.6,100,81,1.12,GL,mist
426,Raga,8.46,25.68,67.44,96,100,5.57,SS,light rain
427,Hermanus,-34.42,19.23,52.23,84,4,7.61,ZA,clear sky
428,Rikitea,-23.12,-134.97,72.95,85,0,9.13,PF,clear sky
429,Severo-Kurilsk,50.68,156.12,58.26,85,89,6.69,RU,overcast clouds
430,Saskylakh,71.92,114.08,52.05,55,33,9.78,RU,scattered clouds
431,Rikitea,-23.12,-134.97,72.95,85,0,9.13,PF,clear sky
432,Rikitea,-23.12,-134.97,72.95,85,0,9.13,PF,clear sky
433,Mataura,-46.19,168.86,56.73,54,26,3.38,NZ,scattered clouds
434,Bluff,-46.6,168.33,52.68,76,17,12.44,NZ,few clouds
435,Iskateley,67.68,53.15,57.34,89,87,9.89,RU,overcast clouds
436,Emerald,-23.53,148.17,82.4,39,90,13.87,AU,overcast clouds
437,Kodiak,57.79,-152.41,59.0,87,90,4.7,US,overcast clouds
438,Avarua,-21.21,-159.78,68.0,82,39,8.05,CK,light rain
439,Rikitea,-23.12,-134.97,72.95,85,0,9.13,PF,clear sky
440,Kudahuvadhoo,2.67,72.89,82.85,74,100,9.71,MV,overcast clouds
441,Ushuaia,-54.8,-68.3,35.6,89,40,10.29,AR,scattered clouds
442,Lichuan,30.3,108.85,80.15,51,0,1.3,CN,clear sky
443,Ginda,30.69,78.49,82.4,78,20,3.47,IN,mist
444,Hofn,64.25,-15.21,51.66,82,3,10.16,IS,clear sky
445,Srednekolymsk,67.45,153.68,51.55,75,100,5.68,RU,overcast clouds
446,Northam,51.03,-4.22,53.01,96,98,4.0,GB,overcast clouds
447,Morondava,-20.28,44.28,68.0,76,17,5.66,MG,few clouds
448,Longyearbyen,78.22,15.64,39.2,86,75,8.05,SJ,broken clouds
449,Mataura,-46.19,168.86,56.73,54,26,3.38,NZ,scattered clouds
450,Ibiracu,-19.83,-40.37,75.0,83,12,9.17,BR,few clouds
451,Buraydah,26.33,43.98,73.4,35,0,2.24,SA,clear sky
452,Ushuaia,-54.8,-68.3,35.6,89,40,10.29,AR,scattered clouds
453,Barrow,71.29,-156.79,37.4,93,75,5.82,US,fog
454,Wladyslawowo,54.79,18.4,50.0,100,100,8.05,PL,overcast clouds
455,Shieli,44.17,66.75,64.67,28,0,11.54,KZ,clear sky
456,Asosa,10.07,34.53,60.84,100,38,2.73,ET,scattered clouds
457,Kyra,49.58,111.98,67.42,55,1,0.89,RU,clear sky
458,Albany,42.6,-73.97,60.01,71,7,3.11,US,clear sky
459,Jamestown,42.1,-79.24,64.99,72,40,9.17,US,scattered clouds
460,Pevek,69.7,170.31,45.68,69,27,14.58,RU,scattered clouds
461,Shirvan,39.95,48.9,79.52,50,4,2.37,AZ,clear sky
462,Severo-Kurilsk,50.68,156.12,58.26,85,89,6.69,RU,overcast clouds
463,Castro,-24.79,-50.01,57.52,85,0,4.09,BR,clear sky
464,Amahai,-3.33,128.92,76.86,90,100,5.93,ID,light rain
465,Upernavik,72.79,-56.15,34.32,87,99,8.46,GL,overcast clouds
466,Carnarvon,-24.87,113.63,66.2,100,90,18.34,AU,overcast clouds
467,Laguna,38.42,-121.42,95.0,31,1,3.36,US,haze
468,Bluff,-46.6,168.33,52.68,76,17,12.44,NZ,few clouds
469,Rikitea,-23.12,-134.97,72.95,85,0,9.13,PF,clear sky
470,Torbay,47.67,-52.73,57.0,76,75,12.75,CA,broken clouds
471,Namibe,-15.2,12.15,67.62,88,72,0.96,AO,broken clouds
472,Zhangjiakou,40.81,114.88,76.37,46,0,13.09,CN,clear sky
473,Mataura,-46.19,168.86,56.73,54,26,3.38,NZ,scattered clouds
474,Dunedin,-45.87,170.5,54.0,56,59,11.99,NZ,broken clouds
475,Kapaa,22.08,-159.32,82.4,74,40,13.87,US,scattered clouds
476,Saint-Francois,46.42,3.91,44.01,100,15,2.24,FR,few clouds
477,Atuona,-9.8,-139.03,78.66,77,19,18.61,PF,light rain
478,Rikitea,-23.12,-134.97,72.95,85,0,9.13,PF,clear sky
479,Rikitea,-23.12,-134.97,72.95,85,0,9.13,PF,clear sky
480,Rocha,-34.48,-54.33,43.14,91,0,2.86,UY,clear sky
481,Thompson,55.74,-97.86,41.0,60,75,8.05,CA,broken clouds
482,Hilo,19.73,-155.09,82.4,61,90,8.05,US,overcast clouds
483,Carnarvon,-24.87,113.63,66.2,100,90,18.34,AU,overcast clouds
484,Chor,25.52,69.77,85.98,67,0,13.78,PK,clear sky
485,Ushuaia,-54.8,-68.3,35.6,89,40,10.29,AR,scattered clouds
486,Hobart,-42.88,147.33,72.0,42,100,16.11,AU,overcast clouds
487,Ushuaia,-54.8,-68.3,35.6,89,40,10.29,AR,scattered clouds
488,Bredasdorp,-34.53,20.04,44.6,93,0,2.24,ZA,clear sky
489,Albany,42.6,-73.97,60.01,71,7,3.11,US,clear sky
490,Albany,42.6,-73.97,60.01,71,7,3.11,US,clear sky
491,Onega,63.91,38.14,53.33,94,32,5.57,RU,scattered clouds
492,Rikitea,-23.12,-134.97,72.95,85,0,9.13,PF,clear sky
493,Marzuq,14.4,46.47,79.68,39,49,3.98,YE,scattered clouds
494,Busselton,-33.65,115.33,60.01,62,13,8.99,AU,light rain
495,Ambunti,-4.24,142.84,92.23,51,12,4.9,PG,few clouds
496,Rikitea,-23.12,-134.97,72.95,85,0,9.13,PF,clear sky
497,Tura,25.52,90.22,79.2,90,97,5.75,IN,light rain
498,Rudnogorsk,57.26,103.75,58.08,49,73,7.45,RU,broken clouds
499,Coihaique,-45.58,-72.07,35.6,93,20,4.7,CL,few clouds
500,Ushuaia,-54.8,-68.3,35.6,89,40,10.29,AR,scattered clouds
501,Vaini,-21.2,-175.2,75.2,64,75,12.75,TO,broken clouds
502,Nichinan,31.6,131.37,87.8,55,75,18.34,JP,broken clouds
503,Grindavik,63.84,-22.43,46.4,100,90,24.16,IS,light intensity drizzle rain
504,Bhimunipatnam,17.88,83.43,86.0,79,40,5.82,IN,scattered clouds
505,Harper,4.38,-7.72,76.08,87,91,8.23,LR,light rain
506,Chuy,-33.7,-53.46,49.06,87,0,7.29,UY,clear sky
507,Albany,42.6,-73.97,60.01,71,7,3.11,US,clear sky
508,Hermanus,-34.42,19.23,52.23,84,4,7.61,ZA,clear sky
509,Sinop,41.77,34.87,61.48,83,5,3.0,TR,clear sky
510,Atuona,-9.8,-139.03,78.66,77,19,18.61,PF,light rain
511,Palu,-0.89,119.87,83.91,76,100,3.13,ID,moderate rain
512,Butaritari,3.07,172.79,83.32,75,99,14.99,KI,overcast clouds
513,Casino,-28.87,153.05,71.6,49,94,10.29,AU,overcast clouds
514,Inhambane,-23.86,35.38,67.8,71,89,8.5,MZ,overcast clouds
515,Lugovoy,42.95,72.76,59.94,32,0,3.58,KZ,clear sky
516,Ushuaia,-54.8,-68.3,35.6,89,40,10.29,AR,scattered clouds
517,Atuona,-9.8,-139.03,78.66,77,19,18.61,PF,light rain
518,Kapaa,22.08,-159.32,82.4,74,40,13.87,US,scattered clouds
519,Dikson,73.51,80.55,42.67,77,92,23.15,RU,overcast clouds
520,Khatanga,71.97,102.5,52.9,55,0,4.72,RU,clear sky
521,Busselton,-33.65,115.33,60.01,62,13,8.99,AU,light rain
522,Naspur,18.83,79.45,85.55,74,32,5.84,IN,scattered clouds
523,Hasaki,35.73,140.83,93.0,63,75,17.22,JP,broken clouds
524,Mackay,-21.15,149.2,78.01,61,0,20.8,AU,clear sky
525,Tayshet,55.93,98.0,56.37,61,100,8.01,RU,overcast clouds
526,Albany,42.6,-73.97,60.01,71,7,3.11,US,clear sky
527,Manacapuru,-3.3,-60.62,77.0,83,67,2.24,BR,broken clouds
528,Bilma,18.69,12.92,86.4,45,11,10.13,NE,few clouds
529,Erzin,36.96,36.2,78.01,86,0,1.41,TR,clear sky
530,Brigantine,39.41,-74.36,72.0,82,1,11.23,US,clear sky
531,Egvekinot,66.32,-179.17,46.09,55,95,3.24,RU,overcast clouds
532,Aklavik,68.22,-135.01,50.0,61,20,5.82,CA,few clouds
533,Barrow,71.29,-156.79,37.4,93,75,5.82,US,fog
534,Emerald,-23.53,148.17,82.4,39,90,13.87,AU,overcast clouds
535,Dikson,73.51,80.55,42.67,77,92,23.15,RU,overcast clouds
536,Faanui,-16.48,-151.75,77.61,79,0,10.04,PF,light rain
537,Shumskiy,54.83,99.13,57.16,60,99,4.9,RU,overcast clouds
538,Eregli,37.51,34.05,60.1,71,0,1.03,TR,clear sky
539,Torbay,47.67,-52.73,57.0,76,75,12.75,CA,broken clouds
540,Mataura,-46.19,168.86,56.73,54,26,3.38,NZ,scattered clouds
541,Marquette,46.53,-87.63,64.99,88,90,6.93,US,overcast clouds
542,Sydney,-33.87,151.21,73.0,40,0,20.8,AU,clear sky
543,Kjollefjord,70.95,27.35,48.2,93,90,10.29,NO,shower rain
544,Westport,41.14,-73.36,71.6,78,1,4.7,US,clear sky
545,Inirida,3.87,-67.92,75.04,88,86,1.48,CO,overcast clouds
546,Busselton,-33.65,115.33,60.01,62,13,8.99,AU,light rain
547,Mataura,-46.19,168.86,56.73,54,26,3.38,NZ,scattered clouds
548,Avarua,-21.21,-159.78,68.0,82,39,8.05,CK,light rain
549,Salalah,17.02,54.09,78.8,94,40,6.93,OM,scattered clouds
550,Tuktoyaktuk,69.45,-133.04,44.6,70,5,10.29,CA,clear sky
551,Stokmarknes,68.56,14.91,50.0,87,75,1.12,NO,broken clouds
552,Atuona,-9.8,-139.03,78.66,77,19,18.61,PF,light rain
553,Havre-Saint-Pierre,50.23,-63.6,41.0,100,1,9.37,CA,mist
554,Douglas,41.3,-96.17,84.2,37,1,5.82,US,clear sky
555,Meulaboh,4.14,96.13,85.78,60,21,2.57,ID,few clouds
556,Georgetown,5.41,100.34,87.8,70,20,4.7,MY,few clouds
557,Kavieng,-2.57,150.8,85.41,70,2,12.12,PG,clear sky
558,Kamenka,51.32,42.77,52.0,59,64,7.05,RU,broken clouds
559,Berlevag,70.86,29.09,48.2,93,90,10.29,NO,overcast clouds
560,Khatanga,71.97,102.5,52.9,55,0,4.72,RU,clear sky
561,Kodiak,57.79,-152.41,59.0,87,90,4.7,US,overcast clouds
562,Bengkulu,-3.8,102.27,84.87,69,4,10.16,ID,clear sky
563,Socuellamos,39.29,-2.79,64.0,58,0,4.76,ES,clear sky
564,Kanbe,16.71,96.0,84.2,79,75,2.24,MM,broken clouds
565,Rikitea,-23.12,-134.97,72.95,85,0,9.13,PF,clear sky
566,Margate,51.38,1.39,61.0,79,40,5.97,GB,scattered clouds
567,Hermanus,-34.42,19.23,52.23,84,4,7.61,ZA,clear sky
568,Mataura,-46.19,168.86,56.73,54,26,3.38,NZ,scattered clouds
569,Namibe,-15.2,12.15,67.62,88,72,0.96,AO,broken clouds
570,Lagoa,39.05,-27.98,68.05,77,97,22.73,PT,overcast clouds
571,Barrow,71.29,-156.79,37.4,93,75,5.82,US,fog
572,Busselton,-33.65,115.33,60.01,62,13,8.99,AU,light rain
573,Zhuzhou,27.83,113.15,75.2,88,91,2.24,CN,overcast clouds
574,Avarua,-21.21,-159.78,68.0,82,39,8.05,CK,light rain
575,Rikitea,-23.12,-134.97,72.95,85,0,9.13,PF,clear sky
576,Esperance,-33.87,121.9,60.8,63,75,25.28,AU,broken clouds
577,Saskylakh,71.92,114.08,52.05,55,33,9.78,RU,scattered clouds
578,Khatanga,71.97,102.5,52.9,55,0,4.72,RU,clear sky
579,Yellowknife,62.46,-114.35,44.01,80,40,5.82,CA,scattered clouds
580,Albany,42.6,-73.97,60.01,71,7,3.11,US,clear sky
581,Vostok,46.49,135.88,73.72,52,97,3.04,RU,overcast clouds
582,Rikitea,-23.12,-134.97,72.95,85,0,9.13,PF,clear sky
583,Busselton,-33.65,115.33,60.01,62,13,8.99,AU,light rain
584,Rikitea,-23.12,-134.97,72.95,85,0,9.13,PF,clear sky
585,Avera,33.19,-82.53,69.8,60,1,4.7,US,clear sky
586,Thompson,55.74,-97.86,41.0,60,75,8.05,CA,broken clouds
587,Sitka,57.05,-135.33,57.2,82,90,4.7,US,overcast clouds
588,Albany,42.6,-73.97,60.01,71,7,3.11,US,clear sky
589,Lompoc,34.64,-120.46,73.99,64,1,3.36,US,clear sky
590,Ancud,-41.87,-73.82,41.0,93,8,5.01,CL,clear sky
591,Rikitea,-23.12,-134.97,72.95,85,0,9.13,PF,clear sky
592,Ushuaia,-54.8,-68.3,35.6,89,40,10.29,AR,scattered clouds
593,Moerai,-22.43,-151.33,69.75,84,100,12.62,PF,light rain
594,Fortuna,40.6,-124.16,62.6,77,1,3.15,US,clear sky
595,Berdigestyakh,62.1,126.7,56.82,51,3,9.86,RU,clear sky
596,Caravelas,-17.71,-39.25,70.61,94,5,3.87,BR,light rain
597,Ushuaia,-54.8,-68.3,35.6,89,40,10.29,AR,scattered clouds
598,Ilulissat,69.22,-51.1,35.6,74,74,9.17,GL,light intensity shower rain
599,Yellowknife,62.46,-114.35,44.01,80,40,5.82,CA,scattered clouds
600,Ushuaia,-54.8,-68.3,35.6,89,40,10.29,AR,scattered clouds
601,Rehoboth,-23.32,17.08,58.15,36,0,3.76,NA,clear sky
602,Albany,42.6,-73.97,60.01,71,7,3.11,US,clear sky
603,Bluff,-46.6,168.33,52.68,76,17,12.44,NZ,few clouds
604,Yellowknife,62.46,-114.35,44.01,80,40,5.82,CA,scattered clouds
605,Lorengau,-2.02,147.27,83.86,80,36,12.03,PG,light rain
606,Torbay,47.67,-52.73,57.0,76,75,12.75,CA,broken clouds
607,Rikitea,-23.12,-134.97,72.95,85,0,9.13,PF,clear sky
608,Yurimaguas,-5.9,-76.08,76.89,72,37,1.36,PE,scattered clouds
609,Souillac,-20.52,57.52,70.0,93,100,5.99,MU,moderate rain
610,Kashi,39.45,75.98,71.6,33,0,6.71,CN,clear sky
611,Busselton,-33.65,115.33,60.01,62,13,8.99,AU,light rain
612,Tuktoyaktuk,69.45,-133.04,44.6,70,5,10.29,CA,clear sky
613,Albany,42.6,-73.97,60.01,71,7,3.11,US,clear sky
614,Hofn,64.25,-15.21,51.66,82,3,10.16,IS,clear sky
615,Jamestown,42.1,-79.24,64.99,72,40,9.17,US,scattered clouds
616,Meulaboh,4.14,96.13,85.78,60,21,2.57,ID,few clouds
617,Jamestown,42.1,-79.24,64.99,72,40,9.17,US,scattered clouds
618,Okahandja,-21.98,16.92,59.0,41,0,6.93,NA,clear sky
619,Matay,28.42,30.78,74.14,81,0,13.38,EG,clear sky
620,Shingu,33.73,135.98,80.6,88,75,21.92,JP,broken clouds
621,Bathsheba,13.22,-59.52,82.4,74,40,16.11,BB,scattered clouds
622,Rikitea,-23.12,-134.97,72.95,85,0,9.13,PF,clear sky
623,Ushuaia,-54.8,-68.3,35.6,89,40,10.29,AR,scattered clouds
624,Paamiut,61.99,-49.67,41.49,90,51,19.86,GL,broken clouds
625,Polunochnoye,60.87,60.42,57.63,77,94,1.52,RU,overcast clouds
626,Sisimiut,66.94,-53.67,37.96,77,17,6.89,GL,few clouds
627,Sistranda,63.73,8.83,48.2,93,75,5.82,NO,broken clouds
628,Leningradskiy,69.38,178.42,45.36,62,0,11.48,RU,clear sky
629,Busselton,-33.65,115.33,60.01,62,13,8.99,AU,light rain
630,Atuona,-9.8,-139.03,78.66,77,19,18.61,PF,light rain
631,Yarmouth,41.71,-70.23,69.8,73,1,8.55,US,clear sky
632,Rangpur,25.75,89.25,87.49,72,80,6.11,BD,moderate rain
633,Hithadhoo,-0.6,73.08,81.86,76,100,9.86,MV,overcast clouds
634,Yellowknife,62.46,-114.35,44.01,80,40,5.82,CA,scattered clouds
635,Altay,47.87,88.12,55.0,64,100,4.52,CN,light rain
636,Bengkulu,-3.8,102.27,84.87,69,4,10.16,ID,clear sky
637,Senno,59.53,33.92,54.0,95,100,3.98,RU,overcast clouds
638,Hilo,19.73,-155.09,82.4,61,90,8.05,US,overcast clouds
639,Albany,42.6,-73.97,60.01,71,7,3.11,US,clear sky
640,Vilnius,54.69,25.28,51.01,100,98,3.36,LT,mist
641,Atuona,-9.8,-139.03,78.66,77,19,18.61,PF,light rain
642,Rikitea,-23.12,-134.97,72.95,85,0,9.13,PF,clear sky
643,Atuona,-9.8,-139.03,78.66,77,19,18.61,PF,light rain
644,Georgetown,5.41,100.34,87.8,70,20,4.7,MY,few clouds
645,Baran,25.1,76.52,86.54,69,14,5.95,IN,light rain
646,Hermanus,-34.42,19.23,52.23,84,4,7.61,ZA,clear sky
647,Ushuaia,-54.8,-68.3,35.6,89,40,10.29,AR,scattered clouds
648,Ushuaia,-54.8,-68.3,35.6,89,40,10.29,AR,scattered clouds
649,Amga,60.9,131.96,49.37,73,92,7.27,RU,overcast clouds
650,Busselton,-33.65,115.33,60.01,62,13,8.99,AU,light rain
651,Kodiak,57.79,-152.41,59.0,87,90,4.7,US,overcast clouds
652,Hambantota,6.12,81.12,82.4,83,40,10.29,LK,scattered clouds
653,Mitu,1.2,-70.17,73.65,92,87,1.05,CO,overcast clouds
654,Esperance,-33.87,121.9,60.8,63,75,25.28,AU,broken clouds
655,Souillac,-20.52,57.52,70.0,93,100,5.99,MU,moderate rain
656,Ushuaia,-54.8,-68.3,35.6,89,40,10.29,AR,scattered clouds
657,Nikolskoye,59.7,30.79,54.0,81,50,2.24,RU,scattered clouds
658,Albany,42.6,-73.97,60.01,71,7,3.11,US,clear sky
659,Tuktoyaktuk,69.45,-133.04,44.6,70,5,10.29,CA,clear sky
660,Busselton,-33.65,115.33,60.01,62,13,8.99,AU,light rain
661,Saint-Ambroise,48.55,-71.33,46.99,93,5,4.7,CA,clear sky
662,Peniche,39.36,-9.38,62.01,92,0,1.01,PT,clear sky
663,Camacha,33.08,-16.33,69.8,83,20,3.36,PT,few clouds
664,Napier,-39.48,176.92,57.0,55,14,11.01,NZ,few clouds
665,Boguchany,58.38,97.45,59.56,51,86,8.12,RU,overcast clouds
666,Ushuaia,-54.8,-68.3,35.6,89,40,10.29,AR,scattered clouds
667,Taltal,-25.4,-70.48,55.47,70,44,3.09,CL,scattered clouds
668,Butaritari,3.07,172.79,83.32,75,99,14.99,KI,overcast clouds
669,Vikhorevka,56.12,101.16,55.4,62,98,8.95,RU,overcast clouds
670,Mataura,-46.19,168.86,56.73,54,26,3.38,NZ,scattered clouds
671,Bailleul,50.74,2.74,50.0,88,50,4.83,FR,scattered clouds
672,Tiksi,71.69,128.87,46.24,78,90,4.74,RU,overcast clouds
673,Temiscaming,46.72,-79.1,61.0,71,75,13.87,CA,light rain
674,Aromashevo,56.86,68.64,47.89,89,100,12.53,RU,overcast clouds
675,Koumac,-20.57,164.28,74.68,69,100,11.52,NC,overcast clouds
676,Hede,33.77,120.25,82.27,68,0,10.18,CN,light rain
677,Upernavik,72.79,-56.15,34.32,87,99,8.46,GL,overcast clouds
678,Cherskiy,68.75,161.3,52.25,47,98,9.15,RU,overcast clouds
679,Saint-Pierre,-21.34,55.48,69.8,68,40,8.05,RE,scattered clouds
680,Ushuaia,-54.8,-68.3,35.6,89,40,10.29,AR,scattered clouds
681,Rikitea,-23.12,-134.97,72.95,85,0,9.13,PF,clear sky
682,Patamundai,20.57,86.57,90.23,64,95,10.83,IN,overcast clouds
683,Atuona,-9.8,-139.03,78.66,77,19,18.61,PF,light rain
684,Busselton,-33.65,115.33,60.01,62,13,8.99,AU,light rain
685,Butaritari,3.07,172.79,83.32,75,99,14.99,KI,overcast clouds
686,Buin,-33.73,-70.75,54.0,66,44,5.82,CL,scattered clouds
687,Madang,-5.22,145.8,85.6,66,0,9.71,PG,clear sky
688,Gao,16.64,1.64,80.1,69,2,6.85,ML,clear sky
689,Kenai,60.55,-151.26,51.8,81,90,12.75,US,moderate rain
690,Nabire,-3.37,135.48,83.61,79,70,2.01,ID,moderate rain
691,Lorengau,-2.02,147.27,83.86,80,36,12.03,PG,light rain
692,Atuona,-9.8,-139.03,78.66,77,19,18.61,PF,light rain
693,Sangar,63.92,127.47,55.15,61,24,8.23,RU,few clouds
694,Rikitea,-23.12,-134.97,72.95,85,0,9.13,PF,clear sky
695,Darnah,32.77,22.64,76.93,69,0,12.95,LY,clear sky
696,Waddan,29.16,16.14,70.65,65,0,8.14,LY,clear sky
697,Hobart,-42.88,147.33,72.0,42,100,16.11,AU,overcast clouds
698,Ruteng,-8.61,120.47,77.86,55,16,1.32,ID,few clouds
699,Celldomolk,47.26,17.15,59.0,93,75,4.7,HU,broken clouds
700,Pevek,69.7,170.31,45.68,69,27,14.58,RU,scattered clouds
701,Ushuaia,-54.8,-68.3,35.6,89,40,10.29,AR,scattered clouds
702,Bredasdorp,-34.53,20.04,44.6,93,0,2.24,ZA,clear sky
703,Berlevag,70.86,29.09,48.2,93,90,10.29,NO,overcast clouds
704,Chumikan,54.72,135.31,62.74,77,81,8.88,RU,broken clouds
705,Vostok,46.49,135.88,73.72,52,97,3.04,RU,overcast clouds
706,Jamestown,42.1,-79.24,64.99,72,40,9.17,US,scattered clouds
707,Qaqortoq,60.72,-46.03,44.6,87,100,3.36,GL,overcast clouds
708,Barrow,71.29,-156.79,37.4,93,75,5.82,US,fog
709,Beloha,-25.17,45.05,62.62,86,3,11.77,MG,clear sky
710,Coquimbo,-29.95,-71.34,53.6,81,6,5.82,CL,clear sky
711,Bredasdorp,-34.53,20.04,44.6,93,0,2.24,ZA,clear sky
712,Severo-Kurilsk,50.68,156.12,58.26,85,89,6.69,RU,overcast clouds
713,Tuktoyaktuk,69.45,-133.04,44.6,70,5,10.29,CA,clear sky
714,Atuona,-9.8,-139.03,78.66,77,19,18.61,PF,light rain
715,Poum,-20.23,164.02,73.45,77,100,11.48,NC,overcast clouds
716,Georgetown,5.41,100.34,87.8,70,20,4.7,MY,few clouds
717,Rikitea,-23.12,-134.97,72.95,85,0,9.13,PF,clear sky
718,Jackson,42.42,-122.83,91.4,21,1,2.62,US,haze
719,Solnechnyy,50.72,136.63,70.54,70,100,3.91,RU,light rain
720,Xinmin,41.99,122.83,73.4,73,100,11.18,CN,overcast clouds
721,Kapaa,22.08,-159.32,82.4,74,40,13.87,US,scattered clouds
722,Vaini,-21.2,-175.2,75.2,64,75,12.75,TO,broken clouds
723,Jamestown,42.1,-79.24,64.99,72,40,9.17,US,scattered clouds
724,Hamilton,39.18,-84.53,73.0,73,90,8.05,US,overcast clouds
725,Qaanaaq,77.48,-69.36,20.59,81,0,5.37,GL,clear sky
726,Bethel,41.37,-73.41,66.2,82,1,4.61,US,clear sky
727,Rikitea,-23.12,-134.97,72.95,85,0,9.13,PF,clear sky
728,Busselton,-33.65,115.33,60.01,62,13,8.99,AU,light rain
729,Faanui,-16.48,-151.75,77.61,79,0,10.04,PF,light rain
730,Tromso,69.65,18.96,50.0,93,90,6.93,NO,drizzle
731,Saskylakh,71.92,114.08,52.05,55,33,9.78,RU,scattered clouds
732,Qaanaaq,77.48,-69.36,20.59,81,0,5.37,GL,clear sky
733,Hithadhoo,-0.6,73.08,81.86,76,100,9.86,MV,overcast clouds
734,Jamestown,42.1,-79.24,64.99,72,40,9.17,US,scattered clouds
735,Faanui,-16.48,-151.75,77.61,79,0,10.04,PF,light rain
736,Labuhan,-6.88,112.21,88.48,53,71,5.84,ID,broken clouds
737,Moron,-34.65,-58.62,50.0,96,0,1.01,AR,clear sky
738,Ushuaia,-54.8,-68.3,35.6,89,40,10.29,AR,scattered clouds
739,Nikolskoye,59.7,30.79,54.0,81,50,2.24,RU,scattered clouds
740,Torbay,47.67,-52.73,57.0,76,75,12.75,CA,broken clouds
741,Pangody,65.85,74.49,49.59,84,100,7.31,RU,overcast clouds
742,Mutoko,-17.4,32.23,44.44,97,0,2.71,ZW,clear sky
743,Hurricane,37.18,-113.29,98.6,7,1,6.93,US,clear sky
744,Olafsvik,64.89,-23.71,49.05,87,100,18.95,IS,light rain
745,Rikitea,-23.12,-134.97,72.95,85,0,9.13,PF,clear sky
746,Butaritari,3.07,172.79,83.32,75,99,14.99,KI,overcast clouds
747,Longyearbyen,78.22,15.64,39.2,86,75,8.05,SJ,broken clouds
748,Albany,42.6,-73.97,60.01,71,7,3.11,US,clear sky
749,Vaini,-21.2,-175.2,75.2,64,75,12.75,TO,broken clouds
750,Albany,42.6,-73.97,60.01,71,7,3.11,US,clear sky
751,Marsaxlokk,35.84,14.54,78.8,83,20,6.93,MT,few clouds
752,Khatanga,71.97,102.5,52.9,55,0,4.72,RU,clear sky
753,Tilichiki,60.47,166.1,48.76,69,100,5.61,RU,overcast clouds
754,Rikitea,-23.12,-134.97,72.95,85,0,9.13,PF,clear sky
755,Mahebourg,-20.41,57.7,70.0,93,100,5.99,MU,moderate rain
756,Karaton,-6.34,106.1,87.8,58,20,3.36,ID,few clouds
757,Kapaa,22.08,-159.32,82.4,74,40,13.87,US,scattered clouds
758,Codrington,-38.27,141.97,66.67,64,89,21.18,AU,overcast clouds
759,Hambantota,6.12,81.12,82.4,83,40,10.29,LK,scattered clouds
760,Aklavik,68.22,-135.01,50.0,61,20,5.82,CA,few clouds
761,Sola,-13.88,167.55,79.43,83,68,22.7,VU,broken clouds
762,Bilma,18.69,12.92,86.4,45,11,10.13,NE,few clouds
763,Gayny,60.31,54.32,53.76,85,19,3.83,RU,few clouds
764,Chifeng,42.27,118.96,65.84,78,75,14.05,CN,light rain
765,Maceio,-9.67,-35.74,69.8,94,75,2.24,BR,broken clouds
766,Tinsukia,27.5,95.37,80.6,88,75,5.82,IN,mist
767,Nanortalik,60.14,-45.24,44.44,94,100,4.59,GL,overcast clouds
768,Chuy,-33.7,-53.46,49.06,87,0,7.29,UY,clear sky
769,Mataura,-46.19,168.86,56.73,54,26,3.38,NZ,scattered clouds
770,Castro,-24.79,-50.01,57.52,85,0,4.09,BR,clear sky
771,Rikitea,-23.12,-134.97,72.95,85,0,9.13,PF,clear sky
772,Grindavik,63.84,-22.43,46.4,100,90,24.16,IS,light intensity drizzle rain
773,Jamestown,42.1,-79.24,64.99,72,40,9.17,US,scattered clouds
774,Luanda,-8.84,13.23,71.6,88,75,1.12,AO,broken clouds
775,Busselton,-33.65,115.33,60.01,62,13,8.99,AU,light rain
776,Butaritari,3.07,172.79,83.32,75,99,14.99,KI,overcast clouds
777,Rikitea,-23.12,-134.97,72.95,85,0,9.13,PF,clear sky
778,Lasa,46.62,10.7,55.99,93,40,6.93,IT,scattered clouds
779,Lebu,-37.62,-73.65,48.16,88,3,7.85,CL,clear sky
780,Vestmannaeyjar,63.44,-20.27,50.67,83,99,25.84,IS,light rain
781,Chokurdakh,70.63,147.92,53.82,42,2,9.31,RU,clear sky
782,Omboue,-1.57,9.26,74.46,79,58,6.42,GA,broken clouds
783,Komsomolskiy,40.43,71.72,68.0,20,0,2.24,UZ,clear sky
784,Ostrovnoy,68.05,39.51,51.62,81,52,16.13,RU,broken clouds
785,Margate,51.38,1.39,61.0,79,40,5.97,GB,scattered clouds
786,Hermanus,-34.42,19.23,52.23,84,4,7.61,ZA,clear sky
787,Tual,-5.67,132.75,81.03,81,46,15.86,ID,light rain
788,Teknaf,20.86,92.31,87.39,65,99,2.48,BD,overcast clouds
789,Vaini,-21.2,-175.2,75.2,64,75,12.75,TO,broken clouds
790,Dese,11.13,39.63,54.09,87,36,3.38,ET,scattered clouds
791,Svirstroy,60.8,33.72,50.81,97,13,4.74,RU,few clouds
792,Sambava,-14.27,50.17,68.41,76,0,8.37,MG,clear sky
793,Dikson,73.51,80.55,42.67,77,92,23.15,RU,overcast clouds
794,Komsomolskiy,40.43,71.72,68.0,20,0,2.24,UZ,clear sky
795,Bandarbeyla,9.49,50.81,76.84,71,97,26.49,SO,overcast clouds
796,Jamestown,42.1,-79.24,64.99,72,40,9.17,US,scattered clouds
797,Hermanus,-34.42,19.23,52.23,84,4,7.61,ZA,clear sky
798,Batagay-Alyta,67.8,130.41,43.12,82,100,7.16,RU,overcast clouds
799,Souris,49.62,-100.26,46.4,87,40,6.93,CA,scattered clouds
800,Bluff,-46.6,168.33,52.68,76,17,12.44,NZ,few clouds
801,Accra,5.56,-0.2,75.2,94,20,11.41,GH,few clouds
802,Caravelas,-17.71,-39.25,70.61,94,5,3.87,BR,light rain
803,Koulamoutou,-1.13,12.47,68.94,91,75,1.86,GA,broken clouds
804,Ushuaia,-54.8,-68.3,35.6,89,40,10.29,AR,scattered clouds
805,Tuatapere,-46.13,167.68,55.2,62,8,6.35,NZ,clear sky
806,Mataura,-46.19,168.86,56.73,54,26,3.38,NZ,scattered clouds
807,Atuona,-9.8,-139.03,78.66,77,19,18.61,PF,light rain
808,Dikson,73.51,80.55,42.67,77,92,23.15,RU,overcast clouds
809,Albany,42.6,-73.97,60.01,71,7,3.11,US,clear sky
810,Ushuaia,-54.8,-68.3,35.6,89,40,10.29,AR,scattered clouds
811,Pisco,-13.7,-76.22,60.8,82,94,3.36,PE,overcast clouds
812,Kapaa,22.08,-159.32,82.4,74,40,13.87,US,scattered clouds
813,Valparaiso,-33.04,-71.63,53.6,93,75,6.93,CL,broken clouds
814,Sisimiut,66.94,-53.67,37.96,77,17,6.89,GL,few clouds
815,Rikitea,-23.12,-134.97,72.95,85,0,9.13,PF,clear sky
816,Luancheng,37.88,114.65,84.2,58,0,6.71,CN,haze
817,Vysokogornyy,50.12,139.15,70.68,57,100,5.93,RU,overcast clouds
818,Bluff,-46.6,168.33,52.68,76,17,12.44,NZ,few clouds
819,Ferme-Neuve,46.7,-75.45,49.21,88,0,6.22,CA,clear sky
820,Kapaa,22.08,-159.32,82.4,74,40,13.87,US,scattered clouds
821,Bengkulu,-3.8,102.27,84.87,69,4,10.16,ID,clear sky
822,Sitka,57.05,-135.33,57.2,82,90,4.7,US,overcast clouds
823,Vaini,-21.2,-175.2,75.2,64,75,12.75,TO,broken clouds
824,Georgetown,5.41,100.34,87.8,70,20,4.7,MY,few clouds
825,Rikitea,-23.12,-134.97,72.95,85,0,9.13,PF,clear sky
826,Yellowknife,62.46,-114.35,44.01,80,40,5.82,CA,scattered clouds
827,Vao,-22.67,167.48,70.7,79,100,20.18,NC,overcast clouds
828,Kapaa,22.08,-159.32,82.4,74,40,13.87,US,scattered clouds
829,Mataura,-46.19,168.86,56.73,54,26,3.38,NZ,scattered clouds
830,Greenville,35.61,-77.37,64.99,88,1,4.63,US,clear sky
831,Atuona,-9.8,-139.03,78.66,77,19,18.61,PF,light rain
832,Albany,42.6,-73.97,60.01,71,7,3.11,US,clear sky
833,Axim,4.87,-2.24,75.27,87,95,9.95,GH,overcast clouds
834,Ilhabela,-23.78,-45.36,69.28,89,12,2.53,BR,few clouds
835,Cayenne,4.93,-52.33,78.8,94,75,2.24,GF,broken clouds
836,Oboyan,51.21,36.28,60.8,58,100,8.95,RU,light rain
837,Jumla,29.27,82.18,72.16,48,0,3.91,NP,clear sky
838,Atuona,-9.8,-139.03,78.66,77,19,18.61,PF,light rain
839,Arucas,28.12,-15.52,73.99,83,20,13.87,ES,few clouds
840,Albany,42.6,-73.97,60.01,71,7,3.11,US,clear sky
841,Bethel,41.37,-73.41,66.2,82,1,4.61,US,clear sky
842,Owensboro,37.77,-87.11,69.8,88,1,5.82,US,clear sky
843,Menongue,-14.66,17.69,53.55,42,0,5.23,AO,clear sky
844,Constitucion,-35.33,-72.42,49.8,86,0,7.56,CL,clear sky
845,Birin,26.89,88.07,77.0,94,75,3.36,NP,broken clouds
846,Rikitea,-23.12,-134.97,72.95,85,0,9.13,PF,clear sky
847,Chuy,-33.7,-53.46,49.06,87,0,7.29,UY,clear sky
848,Lompoc,34.64,-120.46,73.99,64,1,3.36,US,clear sky
849,Hofn,64.25,-15.21,51.66,82,3,10.16,IS,clear sky
850,Busselton,-33.65,115.33,60.01,62,13,8.99,AU,light rain
851,Shadegan,30.65,48.66,84.2,89,20,3.49,IR,mist
852,Bethel,41.37,-73.41,66.2,82,1,4.61,US,clear sky
853,Cooma,-36.23,149.13,64.4,39,0,17.22,AU,clear sky
854,Zhigansk,66.77,123.37,50.92,63,93,19.6,RU,overcast clouds
855,Mataura,-46.19,168.86,56.73,54,26,3.38,NZ,scattered clouds
856,Atuona,-9.8,-139.03,78.66,77,19,18.61,PF,light rain
857,College,64.86,-147.8,62.6,39,75,9.17,US,broken clouds
858,Vaini,-21.2,-175.2,75.2,64,75,12.75,TO,broken clouds
859,Hilo,19.73,-155.09,82.4,61,90,8.05,US,overcast clouds
860,Avarua,-21.21,-159.78,68.0,82,39,8.05,CK,light rain
861,Kapaa,22.08,-159.32,82.4,74,40,13.87,US,scattered clouds
862,Kholm,59.27,32.85,50.0,97,80,4.27,RU,broken clouds
863,Codrington,-38.27,141.97,66.67,64,89,21.18,AU,overcast clouds
864,Tuktoyaktuk,69.45,-133.04,44.6,70,5,10.29,CA,clear sky
865,Meulaboh,4.14,96.13,85.78,60,21,2.57,ID,few clouds
866,Ushuaia,-54.8,-68.3,35.6,89,40,10.29,AR,scattered clouds
867,Albany,42.6,-73.97,60.01,71,7,3.11,US,clear sky
868,Rikitea,-23.12,-134.97,72.95,85,0,9.13,PF,clear sky
869,Xinqing,48.23,129.5,77.7,49,99,2.19,CN,overcast clouds
870,Bathsheba,13.22,-59.52,82.4,74,40,16.11,BB,scattered clouds
871,Atar,20.52,-13.05,86.04,46,99,10.65,MR,overcast clouds
872,Busselton,-33.65,115.33,60.01,62,13,8.99,AU,light rain
873,Melita,49.27,-101.0,50.0,80,62,10.2,CA,broken clouds
874,Mwingi,-0.93,38.06,64.27,83,100,6.96,KE,overcast clouds
875,Busselton,-33.65,115.33,60.01,62,13,8.99,AU,light rain
876,Rikitea,-23.12,-134.97,72.95,85,0,9.13,PF,clear sky
877,Mataura,-46.19,168.86,56.73,54,26,3.38,NZ,scattered clouds
878,Busselton,-33.65,115.33,60.01,62,13,8.99,AU,light rain
879,Bengkulu,-3.8,102.27,84.87,69,4,10.16,ID,clear sky
880,Souillac,-20.52,57.52,70.0,93,100,5.99,MU,moderate rain
881,Denpasar,-8.65,115.22,84.2,79,20,17.22,ID,few clouds
882,Nome,64.5,-165.41,53.6,54,90,23.04,US,overcast clouds
883,Narsaq,60.92,-46.05,44.6,87,98,3.36,GL,overcast clouds
884,Lagoa,39.05,-27.98,68.05,77,97,22.73,PT,overcast clouds
885,Shelburne,44.08,-80.2,60.01,72,1,12.75,CA,clear sky
886,Marsabit,2.33,37.99,58.53,95,79,16.62,KE,broken clouds
887,Kumluca,36.37,30.29,80.35,54,0,1.9,TR,clear sky
888,Kavaratti,10.57,72.64,80.6,88,90,13.87,IN,haze
889,Vaini,-21.2,-175.2,75.2,64,75,12.75,TO,broken clouds
890,Hilo,19.73,-155.09,82.4,61,90,8.05,US,overcast clouds
891,Jamestown,42.1,-79.24,64.99,72,40,9.17,US,scattered clouds
892,Arbazh,57.68,48.31,53.73,80,50,5.7,RU,scattered clouds
893,Ampanihy,-24.7,44.75,57.92,77,0,7.27,MG,clear sky
894,Bluff,-46.6,168.33,52.68,76,17,12.44,NZ,few clouds
895,Havoysund,71.0,24.66,50.0,87,75,12.75,NO,light rain
896,Asgabat,37.95,58.38,68.0,22,0,6.93,TM,clear sky
897,Tessalit,20.2,1.01,85.69,40,5,7.02,ML,clear sky
898,Hobart,-42.88,147.33,72.0,42,100,16.11,AU,overcast clouds
899,Rikitea,-23.12,-134.97,72.95,85,0,9.13,PF,clear sky
900,Grindavik,63.84,-22.43,46.4,100,90,24.16,IS,light intensity drizzle rain
901,Talnakh,69.49,88.4,51.8,87,75,4.47,RU,broken clouds
902,Barrow,71.29,-156.79,37.4,93,75,5.82,US,fog
903,Luderitz,-26.65,15.16,56.5,74,0,15.82,NA,clear sky
904,Castro,-24.79,-50.01,57.52,85,0,4.09,BR,clear sky
905,Bonthe,7.53,-12.51,75.16,90,84,7.27,SL,light rain
906,Kizlyar,43.85,46.72,71.58,79,100,3.06,RU,light rain
907,Altamont,42.21,-121.74,80.6,28,1,6.93,US,clear sky
908,Kodiak,57.79,-152.41,59.0,87,90,4.7,US,overcast clouds
909,Ushuaia,-54.8,-68.3,35.6,89,40,10.29,AR,scattered clouds
910,Busselton,-33.65,115.33,60.01,62,13,8.99,AU,light rain
911,Vaini,-21.2,-175.2,75.2,64,75,12.75,TO,broken clouds
912,Padang,-0.95,100.35,85.69,63,3,4.61,ID,clear sky
913,Qaanaaq,77.48,-69.36,20.59,81,0,5.37,GL,clear sky
914,Hilo,19.73,-155.09,82.4,61,90,8.05,US,overcast clouds
915,Atuona,-9.8,-139.03,78.66,77,19,18.61,PF,light rain
916,Seymchan,62.88,152.43,50.74,80,100,7.09,RU,light rain
917,Saiha,22.48,92.97,75.74,91,100,1.83,IN,light rain
918,Eston,51.15,-108.75,52.0,57,90,11.41,CA,overcast clouds
919,Castro,-24.79,-50.01,57.52,85,0,4.09,BR,clear sky
920,Clinton,42.59,-82.92,73.0,73,67,17.45,US,light rain
921,Mahebourg,-20.41,57.7,70.0,93,100,5.99,MU,moderate rain
922,Yellowknife,62.46,-114.35,44.01,80,40,5.82,CA,scattered clouds
923,Qaanaaq,77.48,-69.36,20.59,81,0,5.37,GL,clear sky
924,Oyem,1.6,11.58,64.38,99,82,2.84,GA,broken clouds
925,Yashkul,46.17,45.34,70.34,55,96,8.86,RU,overcast clouds
926,Chupa,66.27,33.05,49.12,93,32,4.43,RU,scattered clouds
927,Upernavik,72.79,-56.15,34.32,87,99,8.46,GL,overcast clouds
928,Berdigestyakh,62.1,126.7,56.82,51,3,9.86,RU,clear sky
929,Tiksi,71.69,128.87,46.24,78,90,4.74,RU,overcast clouds
930,Tuktoyaktuk,69.45,-133.04,44.6,70,5,10.29,CA,clear sky
931,Saskylakh,71.92,114.08,52.05,55,33,9.78,RU,scattered clouds
932,Kapaa,22.08,-159.32,82.4,74,40,13.87,US,scattered clouds
933,Jamestown,42.1,-79.24,64.99,72,40,9.17,US,scattered clouds
934,Pevek,69.7,170.31,45.68,69,27,14.58,RU,scattered clouds
935,Saint-Philippe,-21.36,55.77,69.8,68,67,8.05,RE,broken clouds
936,Mataura,-46.19,168.86,56.73,54,26,3.38,NZ,scattered clouds
937,Antalaha,-14.9,50.28,67.91,81,9,6.67,MG,clear sky
938,Myitkyina,25.38,97.4,80.94,93,100,3.27,MM,moderate rain
939,Kavaratti,10.57,72.64,80.6,88,90,13.87,IN,haze
940,Pemba,-12.97,40.52,69.91,74,6,11.45,MZ,clear sky
941,Atuona,-9.8,-139.03,78.66,77,19,18.61,PF,light rain
942,Kaitangata,-46.28,169.85,57.99,47,61,10.0,NZ,broken clouds
943,Namibe,-15.2,12.15,67.62,88,72,0.96,AO,broken clouds
944,Rikitea,-23.12,-134.97,72.95,85,0,9.13,PF,clear sky
945,Chingirlau,51.09,54.08,61.9,43,40,5.39,KZ,scattered clouds
946,Busselton,-33.65,115.33,60.01,62,13,8.99,AU,light rain
947,Roswell,34.02,-84.36,71.6,88,1,5.97,US,clear sky
948,Ancud,-41.87,-73.82,41.0,93,8,5.01,CL,clear sky
949,Mataura,-46.19,168.86,56.73,54,26,3.38,NZ,scattered clouds
950,Hermanus,-34.42,19.23,52.23,84,4,7.61,ZA,clear sky
951,Chokurdakh,70.63,147.92,53.82,42,2,9.31,RU,clear sky
952,Hermanus,-34.42,19.23,52.23,84,4,7.61,ZA,clear sky
953,Skibbereen,51.55,-9.27,55.4,93,75,8.05,IE,broken clouds
954,Katsuura,35.13,140.3,91.99,66,75,20.8,JP,broken clouds
955,Saskylakh,71.92,114.08,52.05,55,33,9.78,RU,scattered clouds
956,Hilo,19.73,-155.09,82.4,61,90,8.05,US,overcast clouds
957,Sola,-13.88,167.55,79.43,83,68,22.7,VU,broken clouds
958,Rikitea,-23.12,-134.97,72.95,85,0,9.13,PF,clear sky
959,Fare,-16.7,-151.02,77.59,74,94,7.4,PF,overcast clouds
960,Alappuzha,9.49,76.33,81.61,78,38,1.81,IN,moderate rain
961,Dingle,11.0,122.67,88.0,68,98,4.83,PH,overcast clouds
962,Rikitea,-23.12,-134.97,72.95,85,0,9.13,PF,clear sky
963,Chernivtsi,48.29,25.94,57.0,84,0,1.81,UA,clear sky
964,Tsumeb,-19.23,17.72,59.34,35,0,10.25,NA,clear sky
965,Hermanus,-34.42,19.23,52.23,84,4,7.61,ZA,clear sky
966,Dunedin,-45.87,170.5,54.0,56,59,11.99,NZ,broken clouds
967,Iqaluit,63.75,-68.51,39.2,80,40,6.93,CA,scattered clouds
968,Kaitangata,-46.28,169.85,57.99,47,61,10.0,NZ,broken clouds
969,Oussouye,12.48,-16.55,77.0,94,75,11.41,SN,broken clouds
970,Qaanaaq,77.48,-69.36,20.59,81,0,5.37,GL,clear sky
971,Dunedin,-45.87,170.5,54.0,56,59,11.99,NZ,broken clouds
972,Ushuaia,-54.8,-68.3,35.6,89,40,10.29,AR,scattered clouds
973,Ilulissat,69.22,-51.1,35.6,74,74,9.17,GL,light intensity shower rain
974,Torbay,47.67,-52.73,57.0,76,75,12.75,CA,broken clouds
975,Dikson,73.51,80.55,42.67,77,92,23.15,RU,overcast clouds
976,Sinnamary,5.38,-52.95,78.39,86,65,9.73,GF,light rain
977,Saint-Joseph,-21.37,55.62,69.8,68,50,8.05,RE,scattered clouds
978,Mataura,-46.19,168.86,56.73,54,26,3.38,NZ,scattered clouds
979,Rikitea,-23.12,-134.97,72.95,85,0,9.13,PF,clear sky
980,Airai,-8.93,125.41,74.61,52,47,7.05,TL,scattered clouds
981,Okha,53.57,142.95,61.74,77,75,10.76,RU,broken clouds
982,Havelock,34.88,-76.9,75.2,64,1,10.29,US,clear sky
983,Rikitea,-23.12,-134.97,72.95,85,0,9.13,PF,clear sky
984,Avarua,-21.21,-159.78,68.0,82,39,8.05,CK,light rain
985,Bengkulu,-3.8,102.27,84.87,69,4,10.16,ID,clear sky
986,Toba,34.48,136.85,86.0,70,75,25.28,JP,broken clouds
987,Hovd,48.01,91.64,66.69,33,100,2.95,MN,overcast clouds
988,Albany,42.6,-73.97,60.01,71,7,3.11,US,clear sky
989,Gorodishche,48.8,44.47,64.4,25,100,15.66,RU,overcast clouds
990,Mittagong,-34.45,150.45,73.4,38,0,6.93,AU,clear sky
991,Edson,53.58,-116.44,46.4,93,90,4.7,CA,overcast clouds
992,Ukiah,39.15,-123.21,96.8,13,1,9.17,US,clear sky
993,Khilok,51.37,110.47,68.68,54,1,0.34,RU,clear sky
994,Saurimo,-9.66,20.39,64.17,31,21,3.94,AO,few clouds
995,Rikitea,-23.12,-134.97,72.95,85,0,9.13,PF,clear sky
996,Busselton,-33.65,115.33,60.01,62,13,8.99,AU,light rain
997,Butaritari,3.07,172.79,83.32,75,99,14.99,KI,overcast clouds
998,Rawson,-43.3,-65.1,51.19,49,0,8.39,AR,clear sky
999,Caxito,-8.58,13.66,71.6,88,75,1.12,AO,broken clouds
1000,Kapaa,22.08,-159.32,82.4,74,40,13.87,US,scattered clouds
1001,Rikitea,-23.12,-134.97,72.95,85,0,9.13,PF,clear sky
1002,Mataura,-46.19,168.86,56.73,54,26,3.38,NZ,scattered clouds
1003,Nikolskoye,59.7,30.79,54.0,81,50,2.24,RU,scattered clouds
1004,Albany,42.6,-73.97,60.01,71,7,3.11,US,clear sky
1005,Nara,34.69,135.8,93.2,56,75,10.29,JP,shower rain
1006,Codajas,-3.84,-62.06,78.37,52,35,2.1,BR,scattered clouds
1007,Ushuaia,-54.8,-68.3,35.6,89,40,10.29,AR,scattered clouds
1008,Saint-Philippe,-21.36,55.77,69.8,68,67,8.05,RE,broken clouds
1009,Malazgirt,39.14,42.54,70.61,25,0,5.37,TR,clear sky
1010,Katsuura,35.13,140.3,91.99,66,75,20.8,JP,broken clouds
1011,Ushuaia,-54.8,-68.3,35.6,89,40,10.29,AR,scattered clouds
1012,Salina,38.84,-97.61,84.2,45,1,13.87,US,clear sky
1013,Tuktoyaktuk,69.45,-133.04,44.6,70,5,10.29,CA,clear sky
1014,Vaini,-21.2,-175.2,75.2,64,75,12.75,TO,broken clouds
1015,Dikson,73.51,80.55,42.67,77,92,23.15,RU,overcast clouds
1016,Miyako,39.64,141.95,85.82,66,42,12.75,JP,scattered clouds
1017,Saint-Philippe,-21.36,55.77,69.8,68,67,8.05,RE,broken clouds
1018,Rikitea,-23.12,-134.97,72.95,85,0,9.13,PF,clear sky
1019,Esperance,-33.87,121.9,60.8,63,75,25.28,AU,broken clouds
1020,Hilo,19.73,-155.09,82.4,61,90,8.05,US,overcast clouds
1021,Kuusamo,65.97,29.18,48.2,93,90,3.36,FI,overcast clouds
1022,Busselton,-33.65,115.33,60.01,62,13,8.99,AU,light rain
1023,Rikitea,-23.12,-134.97,72.95,85,0,9.13,PF,clear sky
1024,Oriximina,-1.77,-55.87,79.25,70,25,2.66,BR,scattered clouds
1025,Dingle,11.0,122.67,88.0,68,98,4.83,PH,overcast clouds
1026,Codrington,-38.27,141.97,66.67,64,89,21.18,AU,overcast clouds
1027,Ushuaia,-54.8,-68.3,35.6,89,40,10.29,AR,scattered clouds
1028,Moche,-8.17,-79.01,60.48,87,37,4.43,PE,scattered clouds
1029,Altoona,40.52,-78.39,64.0,82,67,4.27,US,broken clouds
1030,Caravelas,-17.71,-39.25,70.61,94,5,3.87,BR,light rain
1031,Opuwo,-18.06,13.84,60.89,33,0,5.84,NA,clear sky
1032,Iqaluit,63.75,-68.51,39.2,80,40,6.93,CA,scattered clouds
1033,Jamestown,42.1,-79.24,64.99,72,40,9.17,US,scattered clouds
1034,Barrow,71.29,-156.79,37.4,93,75,5.82,US,fog
1035,Esperance,-33.87,121.9,60.8,63,75,25.28,AU,broken clouds
1036,Broome,42.25,-75.83,62.6,77,75,6.93,US,broken clouds
1037,Rikitea,-23.12,-134.97,72.95,85,0,9.13,PF,clear sky
1038,Saint-Pierre,-21.34,55.48,69.8,68,40,8.05,RE,scattered clouds
1039,Bethel,41.37,-73.41,66.2,82,1,4.61,US,clear sky
1040,Meulaboh,4.14,96.13,85.78,60,21,2.57,ID,few clouds
1041,Arys,42.43,68.8,66.2,24,0,11.18,KZ,clear sky
1042,Qaanaaq,77.48,-69.36,20.59,81,0,5.37,GL,clear sky
1043,Atuona,-9.8,-139.03,78.66,77,19,18.61,PF,light rain
1044,Hilo,19.73,-155.09,82.4,61,90,8.05,US,overcast clouds
1045,Ginir,7.13,40.7,58.66,93,99,7.85,ET,light rain
1046,Mataura,-46.19,168.86,56.73,54,26,3.38,NZ,scattered clouds
1047,Bluff,-46.6,168.33,52.68,76,17,12.44,NZ,few clouds
1048,Tarko-Sale,64.92,77.78,51.01,95,6,5.88,RU,clear sky
1049,Butaritari,3.07,172.79,83.32,75,99,14.99,KI,overcast clouds
1050,Lebu,-37.62,-73.65,48.16,88,3,7.85,CL,clear sky
1051,Saskylakh,71.92,114.08,52.05,55,33,9.78,RU,scattered clouds
1052,Polunochnoye,60.87,60.42,57.63,77,94,1.52,RU,overcast clouds
1053,Luderitz,-26.65,15.16,56.5,74,0,15.82,NA,clear sky
1054,Muros,42.78,-9.06,59.0,76,61,8.05,ES,broken clouds
1055,Kavieng,-2.57,150.8,85.41,70,2,12.12,PG,clear sky
1056,Manokwari,-0.87,134.08,85.42,66,100,9.31,ID,light rain
1057,Irbil,36.19,44.01,87.55,14,0,2.06,IQ,clear sky
1058,Saint-Francois,46.42,3.91,44.01,100,15,2.24,FR,few clouds
1059,Mayo,38.89,-76.51,73.4,73,1,3.36,US,clear sky
1060,Fomboni,-12.28,43.74,76.05,74,0,15.66,KM,clear sky
1061,Rikitea,-23.12,-134.97,72.95,85,0,9.13,PF,clear sky
1062,Bogorodskoye,56.55,37.88,59.05,83,100,5.64,RU,overcast clouds
1063,Vaini,-21.2,-175.2,75.2,64,75,12.75,TO,broken clouds
1064,Dikson,73.51,80.55,42.67,77,92,23.15,RU,overcast clouds
1065,Hobyo,5.35,48.53,77.22,77,18,20.33,SO,few clouds
1066,Gat,31.61,34.76,77.0,78,20,2.24,IL,few clouds
1067,Rikitea,-23.12,-134.97,72.95,85,0,9.13,PF,clear sky
1068,Iwade,34.25,135.32,86.0,70,75,36.91,JP,light intensity shower rain
1069,Svatove,49.41,38.15,61.14,32,34,6.71,UA,scattered clouds
1070,Chitrakonda,18.12,82.08,85.14,72,6,1.77,IN,clear sky
1071,Chilca,-12.52,-76.74,59.0,82,90,8.05,PE,overcast clouds
1072,Albany,42.6,-73.97,60.01,71,7,3.11,US,clear sky
1073,Jamestown,42.1,-79.24,64.99,72,40,9.17,US,scattered clouds
1074,Naze,28.37,129.48,84.2,74,75,10.29,JP,broken clouds
1075,Qaanaaq,77.48,-69.36,20.59,81,0,5.37,GL,clear sky
1076,Tuktoyaktuk,69.45,-133.04,44.6,70,5,10.29,CA,clear sky
1077,Atuona,-9.8,-139.03,78.66,77,19,18.61,PF,light rain
1078,Thompson,55.74,-97.86,41.0,60,75,8.05,CA,broken clouds
1079,Pevek,69.7,170.31,45.68,69,27,14.58,RU,scattered clouds
1080,Kieta,-6.22,155.63,85.86,60,21,3.76,PG,few clouds
1081,Syava,58.01,46.32,56.93,75,98,6.15,RU,overcast clouds
1082,Bogovina,43.9,21.94,55.4,87,0,3.36,RS,clear sky
1083,Busselton,-33.65,115.33,60.01,62,13,8.99,AU,light rain
1084,Iqaluit,63.75,-68.51,39.2,80,40,6.93,CA,scattered clouds
1085,Bredasdorp,-34.53,20.04,44.6,93,0,2.24,ZA,clear sky
1086,Odienne,9.51,-7.57,70.14,97,100,3.51,CI,overcast clouds
1087,Georgetown,5.41,100.34,87.8,70,20,4.7,MY,few clouds
1088,Ushuaia,-54.8,-68.3,35.6,89,40,10.29,AR,scattered clouds
1089,Rikitea,-23.12,-134.97,72.95,85,0,9.13,PF,clear sky
1090,Turukhansk,65.82,87.98,51.87,66,0,1.72,RU,clear sky
1091,Busselton,-33.65,115.33,60.01,62,13,8.99,AU,light rain
1092,Lubumbashi,-11.66,27.48,46.96,70,32,3.42,CD,scattered clouds
1093,Pryazha,61.69,33.62,51.8,93,11,2.24,RU,few clouds
1094,Tasiilaq,65.61,-37.64,35.6,100,81,1.12,GL,mist
1095,Taber,49.82,-112.15,50.0,93,90,9.17,CA,light rain
1096,Bredasdorp,-34.53,20.04,44.6,93,0,2.24,ZA,clear sky
1097,Vaini,-21.2,-175.2,75.2,64,75,12.75,TO,broken clouds
1098,Kaitangata,-46.28,169.85,57.99,47,61,10.0,NZ,broken clouds
1099,Rikitea,-23.12,-134.97,72.95,85,0,9.13,PF,clear sky
1100,Ust-Barguzin,53.45,108.98,62.08,65,2,2.28,RU,clear sky
1101,Kenai,60.55,-151.26,51.8,81,90,12.75,US,moderate rain
1102,College,64.86,-147.8,62.6,39,75,9.17,US,broken clouds
1103,Katsuura,35.13,140.3,91.99,66,75,20.8,JP,broken clouds
1104,Rikitea,-23.12,-134.97,72.95,85,0,9.13,PF,clear sky
1105,Vallenar,-28.57,-70.76,53.85,59,0,0.34,CL,clear sky
1106,Mataura,-46.19,168.86,56.73,54,26,3.38,NZ,scattered clouds
1107,Mbekenyera,-10.0,38.98,64.31,87,11,1.36,TZ,few clouds
1108,Avarua,-21.21,-159.78,68.0,82,39,8.05,CK,light rain
1109,Bethel,41.37,-73.41,66.2,82,1,4.61,US,clear sky
1110,Severo-Kurilsk,50.68,156.12,58.26,85,89,6.69,RU,overcast clouds
1111,Ati,13.22,18.34,75.61,77,84,5.84,TD,light rain
1112,Bethel,41.37,-73.41,66.2,82,1,4.61,US,clear sky
1113,Atuona,-9.8,-139.03,78.66,77,19,18.61,PF,light rain
1114,Nara,34.69,135.8,93.2,56,75,10.29,JP,shower rain
1115,Barrow,71.29,-156.79,37.4,93,75,5.82,US,fog
1116,Hambantota,6.12,81.12,82.4,83,40,10.29,LK,scattered clouds
1117,Biryusinsk,55.96,97.82,55.71,63,100,8.08,RU,overcast clouds
1118,Pinawa,50.15,-95.88,47.32,76,98,12.03,CA,overcast clouds
1119,Victoria,22.29,114.16,88.0,74,67,8.01,HK,broken clouds
1120,Mataura,-46.19,168.86,56.73,54,26,3.38,NZ,scattered clouds
1121,Svetlogorsk,52.63,29.73,57.78,96,76,3.27,BY,broken clouds
1122,Georgetown,5.41,100.34,87.8,70,20,4.7,MY,few clouds
1123,Vaini,-21.2,-175.2,75.2,64,75,12.75,TO,broken clouds
1124,Leningradskiy,69.38,178.42,45.36,62,0,11.48,RU,clear sky
1125,Srednekolymsk,67.45,153.68,51.55,75,100,5.68,RU,overcast clouds
1126,Ixtapa,20.7,-105.2,80.01,100,90,3.36,MX,light rain
1127,Mahanoro,-19.9,48.8,63.63,78,5,8.46,MG,clear sky
1128,Touros,-5.2,-35.46,71.6,83,54,4.7,BR,broken clouds
1129,Tiksi,71.69,128.87,46.24,78,90,4.74,RU,overcast clouds
1130,Champasak,14.75,106.0,87.8,70,40,2.24,LA,scattered clouds
1131,Tiksi,71.69,128.87,46.24,78,90,4.74,RU,overcast clouds
1132,Aklavik,68.22,-135.01,50.0,61,20,5.82,CA,few clouds
1133,Zhigansk,66.77,123.37,50.92,63,93,19.6,RU,overcast clouds
1134,Bluff,-46.6,168.33,52.68,76,17,12.44,NZ,few clouds
1135,Lethem,3.38,-59.8,76.55,80,29,4.43,GY,scattered clouds
1136,Hobart,-42.88,147.33,72.0,42,100,16.11,AU,overcast clouds
1137,Kapaa,22.08,-159.32,82.4,74,40,13.87,US,scattered clouds
1138,Castro,-24.79,-50.01,57.52,85,0,4.09,BR,clear sky
1139,Abha,18.22,42.51,66.2,29,0,3.58,SA,clear sky
1140,Khatanga,71.97,102.5,52.9,55,0,4.72,RU,clear sky
1141,Busselton,-33.65,115.33,60.01,62,13,8.99,AU,light rain
1142,Rosario,-32.95,-60.64,51.8,40,0,11.41,AR,clear sky
1143,Rikitea,-23.12,-134.97,72.95,85,0,9.13,PF,clear sky
1144,Ushuaia,-54.8,-68.3,35.6,89,40,10.29,AR,scattered clouds
1145,Juneau,58.3,-134.42,57.2,67,75,3.36,US,broken clouds
1146,Castro,-24.79,-50.01,57.52,85,0,4.09,BR,clear sky
1147,Snezhnogorsk,69.19,33.25,51.8,87,75,2.24,RU,broken clouds
1148,Khatanga,71.97,102.5,52.9,55,0,4.72,RU,clear sky
1149,Laguna,38.42,-121.42,95.0,31,1,3.36,US,haze
1150,Pathein,16.78,94.73,88.57,66,55,5.91,MM,light rain
1151,Gat,31.61,34.76,77.0,78,20,2.24,IL,few clouds
1152,Kodiak,57.79,-152.41,59.0,87,90,4.7,US,overcast clouds
1153,Pevek,69.7,170.31,45.68,69,27,14.58,RU,scattered clouds
1154,Upernavik,72.79,-56.15,34.32,87,99,8.46,GL,overcast clouds
1155,Barrow,71.29,-156.79,37.4,93,75,5.82,US,fog
1156,Khatanga,71.97,102.5,52.9,55,0,4.72,RU,clear sky
1157,Vaini,-21.2,-175.2,75.2,64,75,12.75,TO,broken clouds
1158,Tuatapere,-46.13,167.68,55.2,62,8,6.35,NZ,clear sky
1159,Pangnirtung,66.15,-65.71,37.06,80,72,0.74,CA,broken clouds
1160,Albany,42.6,-73.97,60.01,71,7,3.11,US,clear sky
1161,Acapulco,16.86,-99.89,80.51,79,95,3.47,MX,overcast clouds
1162,Bandhi,26.59,68.3,82.4,69,0,6.93,PK,clear sky
1163,Mitsamiouli,-11.38,43.28,74.98,72,0,10.42,KM,clear sky
1164,Rikitea,-23.12,-134.97,72.95,85,0,9.13,PF,clear sky
1165,Waitara,-38.92,174.25,57.99,47,0,11.01,NZ,clear sky
1166,Katsuura,35.13,140.3,91.99,66,75,20.8,JP,broken clouds
1167,Saint-Philippe,-21.36,55.77,69.8,68,67,8.05,RE,broken clouds
1168,Mataura,-46.19,168.86,56.73,54,26,3.38,NZ,scattered clouds
1169,Mataura,-46.19,168.86,56.73,54,26,3.38,NZ,scattered clouds
1170,Mataura,-46.19,168.86,56.73,54,26,3.38,NZ,scattered clouds
1171,Kumluca,36.37,30.29,80.35,54,0,1.9,TR,clear sky
1172,Constitucion,-35.33,-72.42,49.8,86,0,7.56,CL,clear sky
1173,Benguela,-12.58,13.41,70.39,86,81,3.56,AO,broken clouds
1174,Saint-Philippe,-21.36,55.77,69.8,68,67,8.05,RE,broken clouds
1175,Saint-Philippe,-21.36,55.77,69.8,68,67,8.05,RE,broken clouds
1176,Mareeba,-17.0,145.43,82.0,60,78,7.0,AU,broken clouds
1177,Ilulissat,69.22,-51.1,35.6,74,74,9.17,GL,light intensity shower rain
1178,Busselton,-33.65,115.33,60.01,62,13,8.99,AU,light rain
1179,Buraydah,26.33,43.98,73.4,35,0,2.24,SA,clear sky
1180,Bluff,-46.6,168.33,52.68,76,17,12.44,NZ,few clouds
1181,Severo-Kurilsk,50.68,156.12,58.26,85,89,6.69,RU,overcast clouds
1182,Bengkulu,-3.8,102.27,84.87,69,4,10.16,ID,clear sky
1183,Teguise,29.06,-13.56,73.4,83,0,16.11,ES,clear sky
1184,Nikolskoye,59.7,30.79,54.0,81,50,2.24,RU,scattered clouds
1185,Tuktoyaktuk,69.45,-133.04,44.6,70,5,10.29,CA,clear sky
1186,Mataura,-46.19,168.86,56.73,54,26,3.38,NZ,scattered clouds
1187,Rawson,-43.3,-65.1,51.19,49,0,8.39,AR,clear sky
1188,Dikson,73.51,80.55,42.67,77,92,23.15,RU,overcast clouds
1189,Ust-Koksa,50.27,85.61,53.26,51,42,5.28,RU,light rain
1190,Gander,48.97,-54.59,55.4,82,20,8.05,CA,few clouds
1191,Vaini,-21.2,-175.2,75.2,64,75,12.75,TO,broken clouds
1192,Yellowknife,62.46,-114.35,44.01,80,40,5.82,CA,scattered clouds
1193,Yulara,-25.24,130.99,95.0,8,0,18.34,AU,clear sky
1194,Chuy,-33.7,-53.46,49.06,87,0,7.29,UY,clear sky
1195,Khatanga,71.97,102.5,52.9,55,0,4.72,RU,clear sky
1196,Georgetown,5.41,100.34,87.8,70,20,4.7,MY,few clouds
1197,Atuona,-9.8,-139.03,78.66,77,19,18.61,PF,light rain
1198,Lavrentiya,65.58,-171.0,43.38,70,99,28.12,RU,overcast clouds
1199,Heide,54.2,9.1,52.0,95,82,4.68,DE,light rain
1200,Chokurdakh,70.63,147.92,53.82,42,2,9.31,RU,clear sky
1201,Chuy,-33.7,-53.46,49.06,87,0,7.29,UY,clear sky
1202,Albany,42.6,-73.97,60.01,71,7,3.11,US,clear sky
1203,Victoria,22.29,114.16,88.0,74,67,8.01,HK,broken clouds
1204,Luderitz,-26.65,15.16,56.5,74,0,15.82,NA,clear sky
1205,Vanimo,-2.67,141.3,86.94,60,1,11.12,PG,clear sky
1206,Simao,22.79,100.97,69.62,94,100,1.12,CN,moderate rain
1207,Vardo,70.37,31.11,50.0,87,40,11.41,NO,scattered clouds
1208,Mataura,-46.19,168.86,56.73,54,26,3.38,NZ,scattered clouds
1209,Kant,27.8,79.8,90.86,58,10,3.36,IN,clear sky
1210,Thompson,55.74,-97.86,41.0,60,75,8.05,CA,broken clouds
1211,Havoysund,71.0,24.66,50.0,87,75,12.75,NO,light rain
1212,Yar-Sale,66.83,70.83,49.6,49,5,4.59,RU,clear sky
1213,Beringovskiy,63.05,179.32,48.13,79,46,10.09,RU,scattered clouds
1214,Chuy,-33.7,-53.46,49.06,87,0,7.29,UY,clear sky
1215,Faanui,-16.48,-151.75,77.61,79,0,10.04,PF,light rain
1216,Amapa,1.0,-52.0,71.56,98,13,1.16,BR,light rain
1217,Fortuna,40.6,-124.16,62.6,77,1,3.15,US,clear sky
1218,Baghdad,33.34,44.4,80.6,39,0,13.87,IQ,clear sky
1219,Kalmunai,7.42,81.82,81.82,69,99,6.96,LK,overcast clouds
1220,Butaritari,3.07,172.79,83.32,75,99,14.99,KI,overcast clouds
1221,Kapaa,22.08,-159.32,82.4,74,40,13.87,US,scattered clouds
1222,Upernavik,72.79,-56.15,34.32,87,99,8.46,GL,overcast clouds
1223,Kaeo,-35.1,173.78,57.0,3,59,5.99,NZ,light rain
1224,Progreso,21.28,-89.67,82.4,83,40,8.05,MX,scattered clouds
1225,Hobart,-42.88,147.33,72.0,42,100,16.11,AU,overcast clouds
1226,Ushuaia,-54.8,-68.3,35.6,89,40,10.29,AR,scattered clouds
1227,Narsaq,60.92,-46.05,44.6,87,98,3.36,GL,overcast clouds
1228,Tukrah,32.53,20.58,73.06,75,0,9.55,LY,clear sky
1229,Rikitea,-23.12,-134.97,72.95,85,0,9.13,PF,clear sky
1230,Pontianak,-0.03,109.33,82.69,70,99,4.25,ID,overcast clouds
1231,Kaitangata,-46.28,169.85,57.99,47,61,10.0,NZ,broken clouds
1232,Chokurdakh,70.63,147.92,53.82,42,2,9.31,RU,clear sky
1233,Nyahururu,0.04,36.37,54.95,94,92,1.7,KE,light rain
1234,Rikitea,-23.12,-134.97,72.95,85,0,9.13,PF,clear sky
1235,Faanui,-16.48,-151.75,77.61,79,0,10.04,PF,light rain
1236,Rikitea,-23.12,-134.97,72.95,85,0,9.13,PF,clear sky
1237,Severo-Kurilsk,50.68,156.12,58.26,85,89,6.69,RU,overcast clouds
1238,Kapaa,22.08,-159.32,82.4,74,40,13.87,US,scattered clouds
1239,Hobart,-42.88,147.33,72.0,42,100,16.11,AU,overcast clouds
1240,Bengkulu,-3.8,102.27,84.87,69,4,10.16,ID,clear sky
1241,Mataura,-46.19,168.86,56.73,54,26,3.38,NZ,scattered clouds
1242,Victoria,22.29,114.16,88.0,74,67,8.01,HK,broken clouds
1243,Biak,-0.91,122.88,81.43,77,99,8.9,ID,moderate rain
1244,Ushuaia,-54.8,-68.3,35.6,89,40,10.29,AR,scattered clouds
1245,Ancud,-41.87,-73.82,41.0,93,8,5.01,CL,clear sky
1246,Lazarev,52.23,141.51,59.99,91,72,11.63,RU,broken clouds
1247,Yellowknife,62.46,-114.35,44.01,80,40,5.82,CA,scattered clouds
1248,Rikitea,-23.12,-134.97,72.95,85,0,9.13,PF,clear sky
1249,Jamestown,42.1,-79.24,64.99,72,40,9.17,US,scattered clouds
1250,Mahebourg,-20.41,57.7,70.0,93,100,5.99,MU,moderate rain
1251,Hithadhoo,-0.6,73.08,81.86,76,100,9.86,MV,overcast clouds
1252,Rikitea,-23.12,-134.97,72.95,85,0,9.13,PF,clear sky
1253,Dingle,11.0,122.67,88.0,68,98,4.83,PH,overcast clouds
1254,Busselton,-33.65,115.33,60.01,62,13,8.99,AU,light rain
1255,Jamestown,42.1,-79.24,64.99,72,40,9.17,US,scattered clouds
1256,Kadaya,50.93,119.29,65.43,64,0,5.44,RU,clear sky
1257,Barrow,71.29,-156.79,37.4,93,75,5.82,US,fog
1258,Warangal,18.0,79.58,83.43,80,81,9.35,IN,broken clouds
1259,Bethel,41.37,-73.41,66.2,82,1,4.61,US,clear sky
1260,Beyneu,45.32,55.2,66.36,36,67,19.37,KZ,broken clouds
1261,Victoria,22.29,114.16,88.0,74,67,8.01,HK,broken clouds
1262,Rikitea,-23.12,-134.97,72.95,85,0,9.13,PF,clear sky
1263,Hithadhoo,-0.6,73.08,81.86,76,100,9.86,MV,overcast clouds
1264,Moerai,-22.43,-151.33,69.75,84,100,12.62,PF,light rain
1265,Yellowknife,62.46,-114.35,44.01,80,40,5.82,CA,scattered clouds
1266,Butaritari,3.07,172.79,83.32,75,99,14.99,KI,overcast clouds
1267,Busselton,-33.65,115.33,60.01,62,13,8.99,AU,light rain
1268,Barrow,71.29,-156.79,37.4,93,75,5.82,US,fog
1269,Ushuaia,-54.8,-68.3,35.6,89,40,10.29,AR,scattered clouds
1270,Atuona,-9.8,-139.03,78.66,77,19,18.61,PF,light rain
1271,Gazanjyk,39.24,55.52,76.1,17,0,26.46,TM,clear sky
1272,Hobart,-42.88,147.33,72.0,42,100,16.11,AU,overcast clouds
1273,Xinzhi,36.5,111.7,89.11,24,0,4.81,CN,clear sky
1274,Qaqortoq,60.72,-46.03,44.6,87,100,3.36,GL,overcast clouds
1275,Provideniya,64.38,-173.3,44.6,65,75,26.84,RU,broken clouds
1276,Nabire,-3.37,135.48,83.61,79,70,2.01,ID,moderate rain
1277,Yenagoa,4.92,6.26,73.92,91,80,3.67,NG,broken clouds
1278,Kodinsk,58.69,99.18,61.32,48,29,6.46,RU,scattered clouds
1279,Qaanaaq,77.48,-69.36,20.59,81,0,5.37,GL,clear sky
1280,Paamiut,61.99,-49.67,41.49,90,51,19.86,GL,broken clouds
1281,Ushuaia,-54.8,-68.3,35.6,89,40,10.29,AR,scattered clouds
1282,Airai,-8.93,125.41,74.61,52,47,7.05,TL,scattered clouds
1283,Teya,60.38,92.63,55.02,55,81,4.94,RU,broken clouds
1284,Qaanaaq,77.48,-69.36,20.59,81,0,5.37,GL,clear sky
1285,Lavrentiya,65.58,-171.0,43.38,70,99,28.12,RU,overcast clouds
1286,Bredasdorp,-34.53,20.04,44.6,93,0,2.24,ZA,clear sky
1287,Marang,5.21,103.21,87.8,66,20,3.36,MY,few clouds
1288,Komsomolskiy,40.43,71.72,68.0,20,0,2.24,UZ,clear sky
1289,San-Pedro,4.75,-6.64,75.13,91,95,8.68,CI,light rain
1290,Torbay,47.67,-52.73,57.0,76,75,12.75,CA,broken clouds
1291,Hermanus,-34.42,19.23,52.23,84,4,7.61,ZA,clear sky
1292,Bud,39.45,-86.18,71.01,77,8,13.58,US,clear sky
1293,Hermanus,-34.42,19.23,52.23,84,4,7.61,ZA,clear sky
1294,Camacha,33.08,-16.33,69.8,83,20,3.36,PT,few clouds
1295,Galyugayevskaya,43.7,44.93,68.0,72,100,11.18,RU,light rain
1296,Rikitea,-23.12,-134.97,72.95,85,0,9.13,PF,clear sky
1297,Tuktoyaktuk,69.45,-133.04,44.6,70,5,10.29,CA,clear sky
1298,Esna,25.29,32.55,87.8,45,0,4.7,EG,clear sky
1299,Ushuaia,-54.8,-68.3,35.6,89,40,10.29,AR,scattered clouds
1300,Nadvoitsy,63.87,34.32,50.2,91,1,7.65,RU,clear sky
1301,Sitka,57.05,-135.33,57.2,82,90,4.7,US,overcast clouds
1302,Victoria,22.29,114.16,88.0,74,67,8.01,HK,broken clouds
1303,Bethel,41.37,-73.41,66.2,82,1,4.61,US,clear sky
1304,Rikitea,-23.12,-134.97,72.95,85,0,9.13,PF,clear sky
1305,Busselton,-33.65,115.33,60.01,62,13,8.99,AU,light rain
1306,Barrow,71.29,-156.79,37.4,93,75,5.82,US,fog
1307,Atuona,-9.8,-139.03,78.66,77,19,18.61,PF,light rain
1308,Kodiak,57.79,-152.41,59.0,87,90,4.7,US,overcast clouds
1309,Bethel,41.37,-73.41,66.2,82,1,4.61,US,clear sky
1310,Castro,-24.79,-50.01,57.52,85,0,4.09,BR,clear sky
1311,Honiara,-9.43,159.95,89.6,66,40,14.99,SB,scattered clouds
1312,Hermanus,-34.42,19.23,52.23,84,4,7.61,ZA,clear sky
1313,Nikolayevsk-Na-Amure,53.14,140.73,62.46,87,100,2.91,RU,overcast clouds
1314,Bethel,41.37,-73.41,66.2,82,1,4.61,US,clear sky
1315,Vaini,-21.2,-175.2,75.2,64,75,12.75,TO,broken clouds
1316,Khatanga,71.97,102.5,52.9,55,0,4.72,RU,clear sky
1317,Upernavik,72.79,-56.15,34.32,87,99,8.46,GL,overcast clouds
1318,Fortuna,40.6,-124.16,62.6,77,1,3.15,US,clear sky
1319,Hermanus,-34.42,19.23,52.23,84,4,7.61,ZA,clear sky
1320,Kapaa,22.08,-159.32,82.4,74,40,13.87,US,scattered clouds
1321,Bethel,41.37,-73.41,66.2,82,1,4.61,US,clear sky
1322,Lagoa,39.05,-27.98,68.05,77,97,22.73,PT,overcast clouds
1323,Bluff,-46.6,168.33,52.68,76,17,12.44,NZ,few clouds
1324,Penzance,50.12,-5.54,55.0,100,61,4.7,GB,broken clouds
1325,Acapulco,16.86,-99.89,80.51,79,95,3.47,MX,overcast clouds
1326,Yellowknife,62.46,-114.35,44.01,80,40,5.82,CA,scattered clouds
1327,Ciamis,-7.33,108.35,83.14,63,81,5.95,ID,light rain
1328,Bluff,-46.6,168.33,52.68,76,17,12.44,NZ,few clouds
1329,Busselton,-33.65,115.33,60.01,62,13,8.99,AU,light rain
1330,Saint-Philippe,-21.36,55.77,69.8,68,67,8.05,RE,broken clouds
1331,Dolores,-36.31,-57.68,37.35,90,0,4.76,AR,clear sky
1332,Nanortalik,60.14,-45.24,44.44,94,100,4.59,GL,overcast clouds
1333,Albany,42.6,-73.97,60.01,71,7,3.11,US,clear sky
1334,Kabompo,-13.59,24.2,51.19,57,0,5.7,ZM,clear sky
1335,Jamestown,42.1,-79.24,64.99,72,40,9.17,US,scattered clouds
1336,Mopti,14.67,-4.0,75.2,94,4,6.38,ML,clear sky
1337,Iqaluit,63.75,-68.51,39.2,80,40,6.93,CA,scattered clouds
1338,Kapaa,22.08,-159.32,82.4,74,40,13.87,US,scattered clouds
1339,Katsuura,35.13,140.3,91.99,66,75,20.8,JP,broken clouds
1340,Kodiak,57.79,-152.41,59.0,87,90,4.7,US,overcast clouds
1341,Lagoa,39.05,-27.98,68.05,77,97,22.73,PT,overcast clouds
1342,Hofn,64.25,-15.21,51.66,82,3,10.16,IS,clear sky
1343,Meghri,38.9,46.24,80.87,33,64,2.01,AM,broken clouds
1344,Albany,42.6,-73.97,60.01,71,7,3.11,US,clear sky
1345,Saint-Augustin,51.23,-58.65,51.33,80,0,8.32,CA,clear sky
1346,Mataura,-46.19,168.86,56.73,54,26,3.38,NZ,scattered clouds
1347,Kodiak,57.79,-152.41,59.0,87,90,4.7,US,overcast clouds
1348,Ushuaia,-54.8,-68.3,35.6,89,40,10.29,AR,scattered clouds
1349,Yumen,40.28,97.2,81.95,18,32,20.07,CN,scattered clouds
1350,Bredasdorp,-34.53,20.04,44.6,93,0,2.24,ZA,clear sky
1351,Castro,-24.79,-50.01,57.52,85,0,4.09,BR,clear sky
1352,Katsuura,35.13,140.3,91.99,66,75,20.8,JP,broken clouds
1353,Bambanglipuro,-7.95,110.28,83.98,63,85,13.96,ID,overcast clouds
1354,Helong,42.54,129.0,58.15,90,100,5.84,CN,moderate rain
1355,Albany,42.6,-73.97,60.01,71,7,3.11,US,clear sky
1356,Bluff,-46.6,168.33,52.68,76,17,12.44,NZ,few clouds
1357,Gusau,12.16,6.66,71.69,91,92,3.2,NG,overcast clouds
1358,Rikitea,-23.12,-134.97,72.95,85,0,9.13,PF,clear sky
1359,Margate,51.38,1.39,61.0,79,40,5.97,GB,scattered clouds
1360,Estelle,29.85,-90.11,82.99,100,1,2.95,US,clear sky
1361,Barahona,18.21,-71.1,80.46,77,100,4.21,DO,overcast clouds
1362,Baykit,61.67,96.37,58.66,49,64,1.7,RU,broken clouds
1363,Vaini,-21.2,-175.2,75.2,64,75,12.75,TO,broken clouds
1364,Ushuaia,-54.8,-68.3,35.6,89,40,10.29,AR,scattered clouds
1365,Bluff,-46.6,168.33,52.68,76,17,12.44,NZ,few clouds
1366,Digras,20.12,77.72,83.64,74,94,2.95,IN,light rain
1367,Mataura,-46.19,168.86,56.73,54,26,3.38,NZ,scattered clouds
1368,Rikitea,-23.12,-134.97,72.95,85,0,9.13,PF,clear sky
1369,Dikson,73.51,80.55,42.67,77,92,23.15,RU,overcast clouds
1370,Namibe,-15.2,12.15,67.62,88,72,0.96,AO,broken clouds
1371,Vasilsursk,56.13,46.01,55.42,77,30,4.61,RU,scattered clouds
1372,Albany,42.6,-73.97,60.01,71,7,3.11,US,clear sky
1373,Busselton,-33.65,115.33,60.01,62,13,8.99,AU,light rain
1374,Bambanglipuro,-7.95,110.28,83.98,63,85,13.96,ID,overcast clouds
1375,Bengkulu,-3.8,102.27,84.87,69,4,10.16,ID,clear sky
1376,Iqaluit,63.75,-68.51,39.2,80,40,6.93,CA,scattered clouds
1377,Bethel,41.37,-73.41,66.2,82,1,4.61,US,clear sky
1378,Busselton,-33.65,115.33,60.01,62,13,8.99,AU,light rain
1379,Bethel,41.37,-73.41,66.2,82,1,4.61,US,clear sky
1380,Marystown,47.17,-55.15,59.0,100,32,8.75,CA,scattered clouds
1381,Ixtapa,20.7,-105.2,80.01,100,90,3.36,MX,light rain
1382,Hobart,-42.88,147.33,72.0,42,100,16.11,AU,overcast clouds
1383,Lebu,-37.62,-73.65,48.16,88,3,7.85,CL,clear sky
1384,Hirara,24.8,125.28,86.0,62,75,4.7,JP,broken clouds
1385,Jamestown,42.1,-79.24,64.99,72,40,9.17,US,scattered clouds
1386,Cidreira,-30.18,-50.21,57.31,88,100,15.93,BR,light rain
1387,Mataura,-46.19,168.86,56.73,54,26,3.38,NZ,scattered clouds
1388,Atuona,-9.8,-139.03,78.66,77,19,18.61,PF,light rain
1389,Rikitea,-23.12,-134.97,72.95,85,0,9.13,PF,clear sky
1390,Hermanus,-34.42,19.23,52.23,84,4,7.61,ZA,clear sky
1391,Chuy,-33.7,-53.46,49.06,87,0,7.29,UY,clear sky
1392,Tabou,4.42,-7.35,76.1,87,99,8.52,CI,overcast clouds
1393,Ushuaia,-54.8,-68.3,35.6,89,40,10.29,AR,scattered clouds
1394,Dikson,73.51,80.55,42.67,77,92,23.15,RU,overcast clouds
1395,Busselton,-33.65,115.33,60.01,62,13,8.99,AU,light rain
1396,Barrow,71.29,-156.79,37.4,93,75,5.82,US,fog
1397,Chokurdakh,70.63,147.92,53.82,42,2,9.31,RU,clear sky
1398,Hobart,-42.88,147.33,72.0,42,100,16.11,AU,overcast clouds
1399,Pisz,53.63,21.81,41.0,100,84,2.24,PL,broken clouds
1400,Jamestown,42.1,-79.24,64.99,72,40,9.17,US,scattered clouds
1401,Busselton,-33.65,115.33,60.01,62,13,8.99,AU,light rain
1402,Sur,22.57,59.53,88.27,50,8,2.3,OM,clear sky
1403,Saldanha,-33.01,17.94,50.0,81,0,2.24,ZA,clear sky
1404,Wasilla,61.58,-149.44,60.8,43,90,4.7,US,light rain
1405,Modra,48.33,17.31,59.0,87,90,8.05,SK,light rain
1406,Airai,-8.93,125.41,74.61,52,47,7.05,TL,scattered clouds
1407,Busselton,-33.65,115.33,60.01,62,13,8.99,AU,light rain
1408,Ambon,-3.7,128.18,81.0,94,40,4.7,ID,light rain
1409,Bredasdorp,-34.53,20.04,44.6,93,0,2.24,ZA,clear sky
1410,Troitsko-Pechorsk,62.71,56.2,55.8,82,76,3.6,RU,broken clouds
1411,Atuona,-9.8,-139.03,78.66,77,19,18.61,PF,light rain
1412,Hobart,-42.88,147.33,72.0,42,100,16.11,AU,overcast clouds
1413,Nkayi,-4.18,13.29,70.2,87,46,1.7,CG,scattered clouds
1414,Daru,-9.08,143.21,80.19,82,83,19.37,PG,light rain
1415,Kapaa,22.08,-159.32,82.4,74,40,13.87,US,scattered clouds
1416,Dikson,73.51,80.55,42.67,77,92,23.15,RU,overcast clouds
1417,Rikitea,-23.12,-134.97,72.95,85,0,9.13,PF,clear sky
1418,Prieska,-29.66,22.75,53.19,74,0,5.06,ZA,clear sky
1419,Bengkulu,-3.8,102.27,84.87,69,4,10.16,ID,clear sky
1420,Raudeberg,61.99,5.14,50.0,93,100,21.9,NO,light rain
1421,Nikolskoye,59.7,30.79,54.0,81,50,2.24,RU,scattered clouds
1422,Kapaa,22.08,-159.32,82.4,74,40,13.87,US,scattered clouds
1423,Yaan,7.38,8.57,71.08,98,94,4.74,NG,overcast clouds
1424,Upernavik,72.79,-56.15,34.32,87,99,8.46,GL,overcast clouds
1425,Lebu,-37.62,-73.65,48.16,88,3,7.85,CL,clear sky
1426,Wattegama,6.8,81.48,82.4,83,40,10.29,LK,scattered clouds
1427,Bengkulu,-3.8,102.27,84.87,69,4,10.16,ID,clear sky
1428,Jamestown,42.1,-79.24,64.99,72,40,9.17,US,scattered clouds
1429,Aspindza,41.57,43.25,63.63,72,69,2.53,GE,light rain
1430,Rikitea,-23.12,-134.97,72.95,85,0,9.13,PF,clear sky
1431,Atuona,-9.8,-139.03,78.66,77,19,18.61,PF,light rain
1432,Puro,12.48,123.38,87.44,68,100,4.56,PH,light rain
1433,Keflavik,64.0,-22.56,48.2,100,90,24.16,IS,light intensity drizzle rain
1434,Airai,-8.93,125.41,74.61,52,47,7.05,TL,scattered clouds
1435,Kawalu,-7.38,108.21,81.95,63,76,5.88,ID,light rain
1436,Bluff,-46.6,168.33,52.68,76,17,12.44,NZ,few clouds
1437,Nome,64.5,-165.41,53.6,54,90,23.04,US,overcast clouds
1438,Vaini,-21.2,-175.2,75.2,64,75,12.75,TO,broken clouds
1439,Rodez,44.5,2.58,51.8,71,46,4.7,FR,scattered clouds
1440,Ust-Nera,64.57,143.2,54.57,47,86,4.32,RU,light rain
1441,Xichang,27.9,102.26,75.67,52,54,1.99,CN,broken clouds
1442,Khromtau,50.25,58.43,59.34,46,51,4.54,KZ,broken clouds
1443,Hobyo,5.35,48.53,77.22,77,18,20.33,SO,few clouds
1444,Severo-Kurilsk,50.68,156.12,58.26,85,89,6.69,RU,overcast clouds
1445,Trincomalee,8.57,81.23,83.23,70,95,15.93,LK,overcast clouds
1446,Springbok,-29.66,17.89,51.24,53,0,6.64,ZA,clear sky
1447,Severo-Kurilsk,50.68,156.12,58.26,85,89,6.69,RU,overcast clouds
1448,Barrow,71.29,-156.79,37.4,93,75,5.82,US,fog
1449,Vaini,-21.2,-175.2,75.2,64,75,12.75,TO,broken clouds
1450,Ust-Omchug,61.15,149.63,51.31,65,96,2.42,RU,overcast clouds
1451,Upington,-28.45,21.26,48.2,41,0,3.36,ZA,clear sky
1452,Tura,25.52,90.22,79.2,90,97,5.75,IN,light rain
1453,Dingle,11.0,122.67,88.0,68,98,4.83,PH,overcast clouds
1454,Atuona,-9.8,-139.03,78.66,77,19,18.61,PF,light rain
1455,Bowen,-20.02,148.23,78.8,57,6,18.34,AU,clear sky
1456,Busselton,-33.65,115.33,60.01,62,13,8.99,AU,light rain
1457,Carutapera,-1.2,-46.02,76.62,83,0,6.29,BR,clear sky
1458,Veraval,20.9,70.37,84.61,80,2,11.14,IN,clear sky
1459,Kloulklubed,7.04,134.26,89.6,66,75,8.05,PW,broken clouds
1460,Camana,-16.62,-72.71,58.77,78,87,8.95,PE,overcast clouds
1461,Kavieng,-2.57,150.8,85.41,70,2,12.12,PG,clear sky
1462,Songjianghe,42.19,127.48,57.81,95,100,11.79,CN,heavy intensity rain
1463,Lagoa,39.05,-27.98,68.05,77,97,22.73,PT,overcast clouds
1464,Vardo,70.37,31.11,50.0,87,40,11.41,NO,scattered clouds
1465,Yellowknife,62.46,-114.35,44.01,80,40,5.82,CA,scattered clouds
1466,Barrow,71.29,-156.79,37.4,93,75,5.82,US,fog
1467,Albany,42.6,-73.97,60.01,71,7,3.11,US,clear sky
1468,Weihai,37.5,122.11,79.0,81,100,20.83,CN,overcast clouds
1469,Saskylakh,71.92,114.08,52.05,55,33,9.78,RU,scattered clouds
1470,Dasoguz,41.84,59.97,59.0,33,0,13.87,TM,clear sky
1471,Jumla,29.27,82.18,72.16,48,0,3.91,NP,clear sky
1472,Maniitsoq,65.42,-52.9,40.21,72,0,27.11,GL,clear sky
1473,Nemuro,43.32,145.57,78.8,83,75,9.17,JP,broken clouds
1474,Castro,-24.79,-50.01,57.52,85,0,4.09,BR,clear sky
1475,Udachnyy,66.42,112.4,35.6,100,90,6.71,RU,fog
1476,Rikitea,-23.12,-134.97,72.95,85,0,9.13,PF,clear sky
1477,Mahebourg,-20.41,57.7,70.0,93,100,5.99,MU,moderate rain
1478,Georgetown,5.41,100.34,87.8,70,20,4.7,MY,few clouds
1479,Provost,52.35,-110.27,47.82,73,99,8.32,CA,overcast clouds
1480,Albany,42.6,-73.97,60.01,71,7,3.11,US,clear sky
1481,Bathsheba,13.22,-59.52,82.4,74,40,16.11,BB,scattered clouds
1482,Peterhead,57.51,-1.8,51.8,81,100,8.05,GB,overcast clouds
1483,Nuuk,64.18,-51.72,39.2,86,34,12.75,GL,scattered clouds
1484,Rikitea,-23.12,-134.97,72.95,85,0,9.13,PF,clear sky
1485,Hilo,19.73,-155.09,82.4,61,90,8.05,US,overcast clouds
1486,Navirai,-23.07,-54.19,72.25,50,13,1.21,BR,few clouds
1487,Coihaique,-45.58,-72.07,35.6,93,20,4.7,CL,few clouds
1488,Alofi,-19.06,-169.92,75.2,53,75,16.11,NU,broken clouds
1489,Barrow,71.29,-156.79,37.4,93,75,5.82,US,fog
1490,Butaritari,3.07,172.79,83.32,75,99,14.99,KI,overcast clouds
1491,Riyadh,24.69,46.72,82.4,26,0,3.36,SA,clear sky
1492,Yulara,-25.24,130.99,95.0,8,0,18.34,AU,clear sky
1493,Lavrentiya,65.58,-171.0,43.38,70,99,28.12,RU,overcast clouds
1494,Hilo,19.73,-155.09,82.4,61,90,8.05,US,overcast clouds
1495,Vaini,-21.2,-175.2,75.2,64,75,12.75,TO,broken clouds
1496,Touros,-5.2,-35.46,71.6,83,54,4.7,BR,broken clouds
1497,Vaini,-21.2,-175.2,75.2,64,75,12.75,TO,broken clouds
1498,Arlit,18.74,7.39,89.53,37,0,6.53,NE,clear sky
1499,Butaritari,3.07,172.79,83.32,75,99,14.99,KI,overcast clouds
1500,Hermanus,-34.42,19.23,52.23,84,4,7.61,ZA,clear sky
1501,Tiksi,71.69,128.87,46.24,78,90,4.74,RU,overcast clouds
1502,Mataura,-46.19,168.86,56.73,54,26,3.38,NZ,scattered clouds
1503,Longyearbyen,78.22,15.64,39.2,86,75,8.05,SJ,broken clouds
1504,Dalbandin,28.89,64.41,84.97,14,0,9.24,PK,clear sky
1505,Lebu,-37.62,-73.65,48.16,88,3,7.85,CL,clear sky
1506,Bembereke,10.23,2.66,69.06,100,100,4.05,BJ,light rain
1507,Hobart,-42.88,147.33,72.0,42,100,16.11,AU,overcast clouds
1508,Kodinsk,58.69,99.18,61.32,48,29,6.46,RU,scattered clouds
1509,Kahului,20.89,-156.47,84.2,54,40,19.46,US,scattered clouds
1510,Pevek,69.7,170.31,45.68,69,27,14.58,RU,scattered clouds
1511,Batticaloa,7.71,81.69,80.28,71,91,6.98,LK,overcast clouds
1512,Rikitea,-23.12,-134.97,72.95,85,0,9.13,PF,clear sky
1513,Mugumu,-1.85,34.7,63.5,78,73,2.73,TZ,light rain
1514,Atuona,-9.8,-139.03,78.66,77,19,18.61,PF,light rain
